"num_item_id","definition","type","category","16","17","18","19","20","21","22","23","24","25","26","27","28","29","30"
1,"baa baa","word","sounds",0.47,0.57,0.61,0.69,0.7,0.63,0.78,0.77,0.79,0.81,0.83,0.82,0.9,0.86,0.92
2,"choo choo","word","sounds",0.28,0.33,0.51,0.59,0.61,0.59,0.74,0.78,0.8,0.84,0.86,0.85,0.95,0.87,0.93
3,"cockadoodledoo","word","sounds",0.13,0.11,0.19,0.25,0.27,0.34,0.39,0.39,0.51,0.53,0.55,0.53,0.75,0.57,0.73
4,"grrr","word","sounds",0.54,0.57,0.63,0.66,0.66,0.64,0.75,0.8,0.83,0.8,0.86,0.81,0.94,0.83,0.89
5,"meow","word","sounds",0.5,0.49,0.68,0.72,0.73,0.79,0.82,0.87,0.9,0.9,0.94,0.91,0.97,0.93,0.97
6,"moo","word","sounds",0.55,0.61,0.71,0.76,0.78,0.76,0.85,0.91,0.9,0.9,0.92,0.9,0.97,0.93,0.97
7,"ouch","word","sounds",0.43,0.45,0.6,0.65,0.73,0.75,0.75,0.87,0.84,0.87,0.9,0.9,0.95,0.89,0.94
8,"quack quack","word","sounds",0.46,0.46,0.58,0.62,0.68,0.62,0.76,0.82,0.83,0.85,0.9,0.83,0.95,0.86,0.96
9,"uh oh","word","sounds",0.76,0.78,0.87,0.9,0.89,0.89,0.9,0.93,0.94,0.94,0.94,0.93,0.98,0.94,0.96
10,"vroom","word","sounds",0.49,0.46,0.6,0.62,0.57,0.67,0.69,0.73,0.75,0.74,0.73,0.71,0.87,0.73,0.81
11,"woof woof","word","sounds",0.6,0.63,0.72,0.75,0.74,0.75,0.82,0.85,0.88,0.88,0.91,0.88,0.96,0.91,0.94
12,"yum yum","word","sounds",0.56,0.53,0.61,0.63,0.64,0.59,0.67,0.73,0.72,0.78,0.81,0.67,0.89,0.77,0.85
13,"alligator","word","animals",0.03,0.05,0.1,0.13,0.18,0.21,0.28,0.38,0.46,0.5,0.6,0.58,0.8,0.72,0.79
14,"animal","word","animals",0.05,0.07,0.14,0.22,0.26,0.31,0.44,0.49,0.56,0.55,0.66,0.7,0.81,0.73,0.83
15,"ant","word","animals",0.05,0.07,0.16,0.2,0.26,0.25,0.34,0.44,0.5,0.55,0.64,0.66,0.78,0.7,0.84
16,"bear","word","animals",0.34,0.34,0.5,0.56,0.6,0.62,0.68,0.77,0.79,0.81,0.87,0.86,0.95,0.88,0.95
17,"bee","word","animals",0.18,0.25,0.36,0.49,0.5,0.48,0.6,0.72,0.72,0.73,0.79,0.81,0.92,0.84,0.93
18,"bird","word","animals",0.48,0.47,0.63,0.66,0.76,0.7,0.8,0.83,0.88,0.92,0.96,0.94,0.97,0.93,0.97
19,"bug","word","animals",0.14,0.18,0.35,0.41,0.45,0.5,0.59,0.69,0.73,0.74,0.83,0.79,0.92,0.83,0.92
20,"bunny","word","animals",0.22,0.22,0.43,0.47,0.57,0.55,0.65,0.71,0.75,0.79,0.81,0.82,0.93,0.85,0.92
21,"butterfly","word","animals",0.08,0.1,0.21,0.28,0.31,0.38,0.46,0.54,0.64,0.69,0.71,0.75,0.89,0.81,0.92
22,"cat","word","animals",0.42,0.45,0.53,0.66,0.68,0.68,0.8,0.85,0.85,0.87,0.94,0.88,0.96,0.96,0.95
23,"chicken (animal)","word","animals",0.08,0.11,0.25,0.29,0.34,0.4,0.54,0.58,0.66,0.66,0.76,0.79,0.87,0.82,0.89
24,"cow","word","animals",0.22,0.29,0.47,0.53,0.54,0.54,0.7,0.79,0.79,0.83,0.87,0.84,0.96,0.89,0.95
25,"deer","word","animals",0.06,0.08,0.14,0.16,0.18,0.27,0.34,0.37,0.39,0.43,0.46,0.52,0.7,0.55,0.69
26,"dog","word","animals",0.68,0.72,0.78,0.83,0.82,0.85,0.87,0.94,0.93,0.95,0.98,0.96,0.99,0.97,0.96
27,"donkey","word","animals",0.03,0.04,0.07,0.12,0.13,0.2,0.25,0.28,0.32,0.31,0.36,0.42,0.58,0.43,0.52
28,"duck","word","animals",0.48,0.52,0.61,0.67,0.72,0.67,0.82,0.85,0.87,0.88,0.94,0.93,0.98,0.91,0.97
29,"elephant","word","animals",0.08,0.11,0.23,0.31,0.32,0.38,0.53,0.6,0.67,0.68,0.78,0.78,0.91,0.83,0.95
30,"fish (animal)","word","animals",0.3,0.35,0.54,0.59,0.59,0.65,0.76,0.82,0.83,0.89,0.91,0.9,0.97,0.94,0.97
31,"frog","word","animals",0.11,0.14,0.28,0.38,0.41,0.43,0.57,0.62,0.71,0.74,0.79,0.77,0.91,0.82,0.94
32,"giraffe","word","animals",0.07,0.1,0.17,0.22,0.27,0.28,0.39,0.48,0.58,0.55,0.62,0.65,0.83,0.7,0.84
33,"goose","word","animals",0.04,0.07,0.08,0.17,0.18,0.18,0.28,0.33,0.35,0.41,0.47,0.47,0.65,0.45,0.6
34,"hen","word","animals",0.01,0.01,0.03,0.06,0.08,0.13,0.16,0.19,0.22,0.25,0.3,0.26,0.48,0.33,0.46
35,"horse","word","animals",0.19,0.2,0.4,0.46,0.49,0.56,0.69,0.75,0.79,0.8,0.89,0.89,0.96,0.91,0.97
36,"kitty","word","animals",0.45,0.38,0.6,0.64,0.61,0.69,0.76,0.8,0.79,0.85,0.87,0.84,0.94,0.89,0.94
37,"lamb","word","animals",0.04,0.03,0.11,0.13,0.13,0.18,0.24,0.35,0.39,0.42,0.51,0.47,0.67,0.46,0.66
38,"lion","word","animals",0.09,0.11,0.2,0.28,0.32,0.35,0.48,0.58,0.64,0.69,0.72,0.75,0.9,0.83,0.92
39,"monkey","word","animals",0.12,0.2,0.3,0.41,0.43,0.47,0.63,0.68,0.75,0.8,0.85,0.83,0.94,0.85,0.94
40,"moose","word","animals",0.03,0.05,0.07,0.11,0.09,0.11,0.21,0.23,0.28,0.28,0.34,0.36,0.52,0.42,0.48
41,"mouse","word","animals",0.09,0.1,0.22,0.29,0.32,0.42,0.56,0.58,0.62,0.65,0.71,0.72,0.88,0.81,0.9
42,"owl","word","animals",0.13,0.15,0.24,0.33,0.34,0.36,0.5,0.48,0.55,0.59,0.64,0.62,0.83,0.68,0.8
43,"penguin","word","animals",0.02,0.03,0.09,0.13,0.15,0.25,0.28,0.35,0.37,0.42,0.43,0.45,0.66,0.6,0.69
44,"pig","word","animals",0.17,0.21,0.37,0.49,0.48,0.5,0.65,0.74,0.77,0.82,0.82,0.8,0.95,0.92,0.95
45,"pony","word","animals",0.03,0.02,0.06,0.12,0.14,0.22,0.28,0.24,0.31,0.34,0.43,0.46,0.59,0.51,0.58
46,"puppy","word","animals",0.22,0.21,0.4,0.49,0.48,0.54,0.64,0.7,0.73,0.78,0.82,0.77,0.9,0.84,0.93
47,"rooster","word","animals",0.02,0.02,0.05,0.09,0.11,0.15,0.22,0.24,0.32,0.36,0.43,0.48,0.62,0.44,0.61
48,"sheep","word","animals",0.08,0.11,0.22,0.32,0.32,0.35,0.46,0.52,0.6,0.67,0.69,0.68,0.85,0.72,0.85
49,"squirrel","word","animals",0.05,0.06,0.17,0.2,0.24,0.27,0.36,0.42,0.49,0.55,0.57,0.64,0.75,0.73,0.8
50,"teddybear","word","animals",0.15,0.12,0.23,0.31,0.32,0.34,0.48,0.56,0.54,0.66,0.7,0.71,0.87,0.8,0.85
51,"tiger","word","animals",0.08,0.09,0.19,0.23,0.25,0.3,0.42,0.53,0.57,0.6,0.68,0.69,0.84,0.75,0.88
52,"turkey","word","animals",0.04,0.03,0.09,0.16,0.17,0.22,0.32,0.32,0.4,0.44,0.49,0.5,0.66,0.56,0.72
53,"turtle","word","animals",0.11,0.13,0.25,0.34,0.35,0.4,0.48,0.59,0.66,0.7,0.69,0.7,0.88,0.82,0.91
54,"wolf","word","animals",0.02,0.01,0.08,0.06,0.09,0.11,0.12,0.23,0.28,0.32,0.38,0.39,0.57,0.43,0.58
55,"zebra","word","animals",0.04,0.08,0.15,0.2,0.22,0.22,0.36,0.43,0.5,0.52,0.61,0.57,0.78,0.69,0.81
56,"airplane","word","vehicles",0.22,0.21,0.41,0.48,0.54,0.57,0.7,0.74,0.79,0.85,0.9,0.92,0.96,0.91,0.97
57,"bicycle","word","vehicles",0.13,0.15,0.29,0.41,0.4,0.51,0.6,0.67,0.69,0.76,0.81,0.84,0.92,0.89,0.96
58,"boat","word","vehicles",0.18,0.22,0.4,0.48,0.52,0.51,0.68,0.73,0.76,0.8,0.85,0.86,0.95,0.86,0.95
59,"bus","word","vehicles",0.16,0.2,0.32,0.47,0.46,0.55,0.72,0.77,0.76,0.79,0.82,0.87,0.92,0.9,0.96
60,"car","word","vehicles",0.39,0.47,0.66,0.75,0.73,0.78,0.86,0.91,0.91,0.94,0.93,0.95,0.98,0.97,0.99
61,"firetruck","word","vehicles",0.05,0.03,0.13,0.2,0.22,0.3,0.42,0.47,0.55,0.65,0.62,0.66,0.83,0.77,0.88
62,"helicopter","word","vehicles",0.04,0.04,0.1,0.16,0.17,0.26,0.34,0.44,0.5,0.59,0.62,0.69,0.79,0.65,0.83
63,"motorcycle","word","vehicles",0.03,0.04,0.1,0.14,0.15,0.25,0.34,0.44,0.45,0.54,0.59,0.65,0.78,0.71,0.8
64,"sled","word","vehicles",0.01,0.06,0.07,0.1,0.13,0.22,0.24,0.3,0.24,0.29,0.31,0.38,0.38,0.45,0.53
65,"stroller","word","vehicles",0.06,0.05,0.16,0.21,0.22,0.18,0.28,0.34,0.49,0.55,0.54,0.54,0.83,0.54,0.79
66,"tractor","word","vehicles",0.06,0.09,0.16,0.19,0.23,0.28,0.42,0.44,0.48,0.51,0.5,0.61,0.73,0.61,0.73
67,"train","word","vehicles",0.12,0.17,0.34,0.41,0.49,0.48,0.69,0.74,0.79,0.8,0.86,0.88,0.95,0.9,0.97
68,"tricycle","word","vehicles",0.01,0.03,0.04,0.05,0.09,0.1,0.2,0.18,0.26,0.31,0.35,0.38,0.5,0.42,0.57
69,"truck","word","vehicles",0.29,0.33,0.51,0.58,0.62,0.65,0.78,0.81,0.85,0.87,0.93,0.91,0.97,0.93,0.97
70,"ball","word","toys",0.77,0.79,0.9,0.91,0.95,0.94,0.96,0.98,0.96,0.97,0.98,0.98,0.99,0.98,0.99
71,"balloon","word","toys",0.47,0.4,0.6,0.65,0.69,0.71,0.8,0.85,0.87,0.89,0.92,0.94,0.98,0.93,0.98
72,"bat","word","toys",0.06,0.07,0.13,0.19,0.17,0.24,0.3,0.38,0.42,0.47,0.54,0.52,0.76,0.62,0.71
73,"block","word","toys",0.19,0.22,0.37,0.42,0.45,0.49,0.59,0.65,0.67,0.71,0.76,0.81,0.9,0.8,0.93
74,"book","word","toys",0.52,0.52,0.71,0.8,0.83,0.8,0.82,0.92,0.91,0.92,0.94,0.96,0.98,0.95,0.97
75,"bubbles","word","toys",0.36,0.38,0.58,0.63,0.67,0.65,0.8,0.85,0.86,0.89,0.91,0.92,0.97,0.92,0.98
76,"chalk","word","toys",0.02,0.03,0.07,0.12,0.11,0.19,0.28,0.29,0.36,0.4,0.4,0.47,0.64,0.54,0.69
77,"crayon","word","toys",0.05,0.09,0.22,0.29,0.31,0.35,0.53,0.53,0.65,0.71,0.72,0.76,0.88,0.8,0.94
78,"doll","word","toys",0.18,0.22,0.35,0.39,0.45,0.47,0.58,0.56,0.63,0.68,0.75,0.74,0.86,0.76,0.88
79,"game","word","toys",0.01,0.03,0.06,0.12,0.12,0.19,0.3,0.3,0.41,0.43,0.46,0.58,0.74,0.68,0.82
80,"glue","word","toys",0,0,0.03,0.05,0.05,0.06,0.1,0.12,0.19,0.25,0.29,0.38,0.51,0.45,0.59
81,"pen","word","toys",0.07,0.1,0.19,0.25,0.3,0.4,0.44,0.54,0.55,0.62,0.69,0.69,0.83,0.73,0.86
82,"pencil","word","toys",0.03,0.03,0.12,0.18,0.18,0.27,0.31,0.35,0.46,0.53,0.59,0.61,0.8,0.72,0.84
83,"play dough","word","toys",0.01,0.03,0.07,0.08,0.12,0.18,0.26,0.29,0.37,0.46,0.46,0.5,0.65,0.59,0.73
84,"present","word","toys",0.01,0.03,0.05,0.1,0.13,0.17,0.34,0.37,0.51,0.56,0.59,0.65,0.81,0.7,0.85
85,"puzzle","word","toys",0.03,0.04,0.15,0.21,0.2,0.26,0.38,0.43,0.57,0.62,0.63,0.71,0.85,0.75,0.88
86,"story","word","toys",0.03,0.06,0.12,0.18,0.18,0.28,0.36,0.42,0.53,0.54,0.61,0.66,0.81,0.73,0.84
87,"toy (object)","word","toys",0.13,0.15,0.32,0.42,0.44,0.51,0.58,0.68,0.71,0.77,0.84,0.84,0.94,0.88,0.96
88,"apple","word","food_drink",0.33,0.43,0.58,0.62,0.68,0.72,0.86,0.88,0.87,0.9,0.92,0.95,0.98,0.95,0.97
89,"applesauce","word","food_drink",0.05,0.05,0.14,0.15,0.23,0.28,0.38,0.45,0.48,0.5,0.55,0.57,0.73,0.65,0.84
90,"banana","word","food_drink",0.52,0.56,0.66,0.73,0.76,0.77,0.87,0.9,0.87,0.91,0.92,0.93,0.98,0.94,0.97
91,"beans","word","food_drink",0.07,0.1,0.21,0.26,0.28,0.38,0.4,0.45,0.51,0.51,0.66,0.62,0.78,0.62,0.82
92,"bread","word","food_drink",0.15,0.14,0.3,0.38,0.41,0.49,0.58,0.64,0.7,0.77,0.8,0.84,0.93,0.9,0.94
93,"butter","word","food_drink",0.04,0.05,0.12,0.19,0.24,0.3,0.43,0.44,0.52,0.59,0.65,0.71,0.82,0.73,0.85
94,"cake","word","food_drink",0.08,0.1,0.25,0.32,0.36,0.4,0.58,0.63,0.76,0.77,0.81,0.84,0.92,0.89,0.93
95,"candy","word","food_drink",0.07,0.12,0.23,0.33,0.35,0.41,0.5,0.59,0.66,0.74,0.81,0.79,0.92,0.87,0.93
96,"carrots","word","food_drink",0.06,0.07,0.2,0.23,0.26,0.35,0.42,0.47,0.58,0.62,0.69,0.69,0.86,0.8,0.91
97,"cereal","word","food_drink",0.11,0.14,0.3,0.37,0.38,0.49,0.52,0.63,0.69,0.74,0.81,0.77,0.92,0.86,0.94
98,"cheerios","word","food_drink",0.16,0.19,0.27,0.29,0.34,0.4,0.48,0.52,0.52,0.6,0.64,0.69,0.79,0.74,0.84
99,"cheese","word","food_drink",0.36,0.41,0.57,0.64,0.69,0.67,0.78,0.84,0.87,0.86,0.91,0.93,0.96,0.92,0.97
100,"chicken (food)","word","food_drink",0.08,0.09,0.24,0.3,0.36,0.45,0.54,0.56,0.64,0.73,0.74,0.82,0.9,0.84,0.91
101,"chocolate","word","food_drink",0.03,0.04,0.11,0.14,0.21,0.23,0.38,0.41,0.5,0.53,0.59,0.68,0.79,0.74,0.87
102,"coffee","word","food_drink",0.04,0.04,0.15,0.2,0.24,0.28,0.4,0.44,0.5,0.57,0.59,0.63,0.79,0.67,0.78
103,"coke","word","food_drink",0.04,0.04,0.09,0.13,0.15,0.18,0.24,0.19,0.33,0.39,0.38,0.37,0.54,0.44,0.56
104,"cookie","word","food_drink",0.38,0.36,0.57,0.69,0.66,0.7,0.78,0.84,0.87,0.9,0.94,0.91,0.98,0.94,0.98
105,"corn","word","food_drink",0.05,0.08,0.17,0.24,0.27,0.3,0.44,0.48,0.56,0.6,0.7,0.73,0.84,0.75,0.88
106,"cracker","word","food_drink",0.34,0.32,0.5,0.58,0.59,0.59,0.72,0.78,0.77,0.82,0.85,0.84,0.95,0.86,0.96
107,"donut","word","food_drink",0.03,0.05,0.1,0.12,0.15,0.18,0.26,0.36,0.37,0.46,0.51,0.54,0.68,0.62,0.72
108,"drink (beverage)","word","food_drink",0.18,0.21,0.33,0.41,0.46,0.56,0.66,0.71,0.72,0.75,0.82,0.81,0.92,0.86,0.94
109,"egg","word","food_drink",0.12,0.16,0.26,0.35,0.41,0.49,0.57,0.64,0.69,0.74,0.79,0.79,0.91,0.83,0.92
110,"fish (food)","word","food_drink",0.15,0.19,0.31,0.39,0.42,0.46,0.56,0.61,0.65,0.69,0.76,0.74,0.87,0.81,0.89
111,"food","word","food_drink",0.07,0.14,0.21,0.29,0.31,0.37,0.48,0.55,0.59,0.62,0.7,0.7,0.83,0.83,0.88
112,"french fries","word","food_drink",0.07,0.11,0.22,0.33,0.33,0.39,0.49,0.56,0.61,0.71,0.78,0.78,0.9,0.81,0.91
113,"grapes","word","food_drink",0.09,0.15,0.29,0.37,0.41,0.45,0.59,0.63,0.69,0.74,0.79,0.83,0.9,0.86,0.95
114,"green beans","word","food_drink",0.03,0.04,0.11,0.11,0.15,0.18,0.23,0.31,0.36,0.42,0.43,0.42,0.59,0.49,0.68
115,"gum","word","food_drink",0.01,0.04,0.08,0.15,0.13,0.16,0.31,0.31,0.35,0.43,0.52,0.54,0.61,0.63,0.69
116,"hamburger","word","food_drink",0.02,0.05,0.11,0.17,0.2,0.28,0.36,0.44,0.46,0.59,0.69,0.72,0.78,0.77,0.83
117,"ice","word","food_drink",0.11,0.12,0.25,0.34,0.36,0.41,0.52,0.59,0.65,0.71,0.69,0.75,0.86,0.81,0.88
118,"ice cream","word","food_drink",0.1,0.14,0.26,0.36,0.39,0.37,0.6,0.65,0.72,0.78,0.86,0.85,0.93,0.9,0.95
119,"jello","word","food_drink",0.02,0.04,0.08,0.1,0.12,0.14,0.18,0.19,0.3,0.34,0.41,0.45,0.6,0.47,0.62
120,"jelly","word","food_drink",0.02,0.02,0.08,0.11,0.14,0.15,0.26,0.3,0.35,0.44,0.46,0.58,0.72,0.59,0.79
121,"juice","word","food_drink",0.44,0.31,0.58,0.67,0.69,0.76,0.82,0.85,0.87,0.86,0.94,0.9,0.97,0.91,0.98
122,"lollipop","word","food_drink",0.01,0.03,0.08,0.12,0.13,0.16,0.24,0.24,0.32,0.45,0.39,0.49,0.62,0.6,0.65
123,"meat","word","food_drink",0.04,0.06,0.11,0.17,0.23,0.24,0.29,0.36,0.45,0.48,0.59,0.55,0.7,0.6,0.74
124,"melon","word","food_drink",0.03,0.02,0.08,0.11,0.16,0.21,0.22,0.31,0.31,0.35,0.46,0.46,0.56,0.46,0.62
125,"milk","word","food_drink",0.34,0.43,0.57,0.72,0.67,0.72,0.79,0.88,0.86,0.88,0.93,0.93,0.97,0.96,0.97
126,"muffin","word","food_drink",0.02,0.04,0.09,0.14,0.21,0.2,0.36,0.34,0.43,0.42,0.5,0.56,0.69,0.67,0.75
127,"noodles","word","food_drink",0.09,0.09,0.21,0.26,0.32,0.38,0.46,0.49,0.56,0.57,0.66,0.65,0.8,0.69,0.87
128,"nuts","word","food_drink",0.01,0.03,0.05,0.11,0.12,0.17,0.17,0.26,0.35,0.35,0.5,0.47,0.61,0.62,0.71
129,"orange (food)","word","food_drink",0.07,0.11,0.22,0.32,0.34,0.41,0.53,0.61,0.63,0.67,0.78,0.78,0.9,0.87,0.94
130,"pancake","word","food_drink",0.05,0.07,0.17,0.23,0.23,0.26,0.42,0.5,0.55,0.59,0.64,0.72,0.8,0.73,0.88
131,"peas","word","food_drink",0.12,0.09,0.21,0.29,0.28,0.31,0.37,0.47,0.52,0.55,0.65,0.61,0.73,0.65,0.81
132,"peanut butter","word","food_drink",0.03,0.06,0.12,0.22,0.19,0.28,0.41,0.44,0.5,0.57,0.61,0.71,0.82,0.75,0.86
133,"pickle","word","food_drink",0.02,0.05,0.13,0.17,0.17,0.19,0.3,0.4,0.39,0.49,0.54,0.54,0.69,0.64,0.74
134,"pizza","word","food_drink",0.1,0.14,0.31,0.37,0.46,0.48,0.62,0.71,0.74,0.79,0.85,0.89,0.94,0.88,0.96
135,"popcorn","word","food_drink",0.04,0.08,0.18,0.22,0.28,0.33,0.38,0.44,0.59,0.63,0.69,0.69,0.84,0.76,0.9
136,"popsicle","word","food_drink",0.03,0.05,0.14,0.15,0.2,0.27,0.34,0.35,0.42,0.52,0.56,0.64,0.73,0.71,0.78
137,"potato chip","word","food_drink",0.04,0.08,0.18,0.23,0.24,0.32,0.36,0.46,0.51,0.6,0.68,0.64,0.84,0.73,0.86
138,"potato","word","food_drink",0.03,0.06,0.11,0.17,0.2,0.22,0.41,0.41,0.47,0.52,0.57,0.61,0.78,0.73,0.78
139,"pretzel","word","food_drink",0.04,0.05,0.12,0.17,0.19,0.19,0.33,0.34,0.43,0.43,0.46,0.5,0.75,0.59,0.78
140,"pudding","word","food_drink",0.01,0.02,0.06,0.07,0.09,0.09,0.18,0.17,0.25,0.31,0.33,0.34,0.54,0.46,0.61
141,"pumpkin","word","food_drink",0.04,0.05,0.14,0.18,0.2,0.25,0.32,0.39,0.47,0.47,0.55,0.57,0.74,0.65,0.81
142,"raisin","word","food_drink",0.05,0.07,0.19,0.26,0.27,0.31,0.46,0.47,0.55,0.61,0.69,0.71,0.81,0.76,0.88
143,"salt","word","food_drink",0.01,0.01,0.03,0.06,0.09,0.11,0.2,0.17,0.26,0.3,0.34,0.43,0.56,0.5,0.61
144,"sandwich","word","food_drink",0.02,0.03,0.1,0.18,0.19,0.23,0.36,0.44,0.5,0.57,0.61,0.72,0.85,0.79,0.88
145,"sauce","word","food_drink",0.02,0.01,0.05,0.08,0.14,0.11,0.26,0.26,0.33,0.3,0.38,0.39,0.59,0.57,0.64
146,"soda/pop","word","food_drink",0.05,0.07,0.13,0.17,0.22,0.28,0.31,0.35,0.38,0.44,0.5,0.51,0.72,0.59,0.64
147,"soup","word","food_drink",0.04,0.05,0.14,0.18,0.28,0.29,0.42,0.47,0.48,0.56,0.59,0.65,0.76,0.69,0.81
148,"spaghetti","word","food_drink",0.05,0.08,0.15,0.18,0.23,0.28,0.34,0.46,0.54,0.57,0.68,0.68,0.83,0.75,0.88
149,"strawberry","word","food_drink",0.06,0.09,0.17,0.21,0.26,0.35,0.44,0.51,0.54,0.62,0.69,0.65,0.8,0.8,0.86
150,"toast","word","food_drink",0.12,0.12,0.23,0.3,0.35,0.33,0.46,0.54,0.58,0.6,0.67,0.72,0.84,0.72,0.87
151,"tuna","word","food_drink",0.01,0.02,0.05,0.04,0.06,0.1,0.19,0.17,0.18,0.26,0.31,0.36,0.43,0.34,0.43
152,"vanilla","word","food_drink",0,0,0.02,0.03,0.05,0.05,0.08,0.1,0.12,0.19,0.19,0.3,0.35,0.35,0.45
153,"vitamins","word","food_drink",0.02,0.05,0.06,0.12,0.14,0.15,0.22,0.29,0.33,0.41,0.48,0.51,0.61,0.59,0.66
154,"water (beverage)","word","food_drink",0.3,0.32,0.48,0.58,0.63,0.62,0.76,0.81,0.84,0.86,0.9,0.95,0.95,0.92,0.95
155,"yogurt","word","food_drink",0.08,0.15,0.28,0.33,0.34,0.38,0.52,0.55,0.58,0.63,0.64,0.71,0.75,0.74,0.87
156,"beads","word","clothing",0.05,0.06,0.09,0.12,0.15,0.18,0.2,0.27,0.28,0.29,0.31,0.3,0.49,0.43,0.58
157,"belt","word","clothing",0.04,0.04,0.12,0.18,0.2,0.23,0.28,0.35,0.42,0.47,0.52,0.56,0.71,0.59,0.76
158,"bib","word","clothing",0.13,0.16,0.3,0.3,0.34,0.36,0.5,0.51,0.57,0.61,0.67,0.63,0.8,0.64,0.76
159,"boots","word","clothing",0.1,0.14,0.26,0.31,0.42,0.46,0.59,0.65,0.66,0.69,0.7,0.77,0.86,0.84,0.88
160,"button","word","clothing",0.18,0.15,0.29,0.38,0.39,0.39,0.56,0.61,0.63,0.67,0.72,0.69,0.89,0.77,0.91
161,"coat","word","clothing",0.09,0.16,0.25,0.36,0.39,0.44,0.56,0.69,0.65,0.68,0.71,0.78,0.82,0.81,0.9
162,"diaper","word","clothing",0.28,0.32,0.49,0.55,0.53,0.69,0.7,0.8,0.81,0.89,0.88,0.87,0.96,0.92,0.96
163,"dress (object)","word","clothing",0.05,0.05,0.1,0.17,0.2,0.25,0.36,0.41,0.48,0.48,0.62,0.57,0.74,0.66,0.8
164,"gloves","word","clothing",0.01,0.04,0.07,0.1,0.14,0.14,0.25,0.31,0.36,0.42,0.46,0.48,0.62,0.56,0.66
165,"hat","word","clothing",0.33,0.37,0.54,0.62,0.68,0.69,0.78,0.85,0.86,0.86,0.92,0.89,0.96,0.93,0.95
166,"jacket","word","clothing",0.06,0.09,0.19,0.27,0.29,0.34,0.46,0.5,0.58,0.65,0.66,0.76,0.82,0.76,0.83
167,"jeans","word","clothing",0.02,0.03,0.05,0.09,0.12,0.17,0.22,0.24,0.34,0.38,0.41,0.43,0.6,0.54,0.65
168,"mittens","word","clothing",0.03,0.02,0.1,0.11,0.16,0.2,0.22,0.26,0.36,0.37,0.41,0.5,0.55,0.55,0.63
169,"necklace","word","clothing",0.04,0.09,0.13,0.19,0.19,0.26,0.3,0.4,0.45,0.49,0.54,0.56,0.75,0.63,0.75
170,"pajamas","word","clothing",0.06,0.08,0.2,0.23,0.3,0.34,0.46,0.61,0.61,0.71,0.73,0.77,0.87,0.83,0.92
171,"pants","word","clothing",0.07,0.11,0.24,0.33,0.36,0.48,0.58,0.66,0.69,0.74,0.78,0.86,0.92,0.89,0.97
172,"scarf","word","clothing",0,0,0.03,0.04,0.07,0.09,0.13,0.12,0.15,0.17,0.21,0.21,0.35,0.33,0.42
173,"shirt","word","clothing",0.09,0.16,0.3,0.37,0.42,0.48,0.65,0.69,0.72,0.75,0.8,0.84,0.93,0.86,0.96
174,"shoe","word","clothing",0.51,0.6,0.76,0.83,0.87,0.81,0.92,0.95,0.94,0.94,0.96,0.97,0.98,0.97,0.98
175,"shorts","word","clothing",0.04,0.05,0.11,0.16,0.18,0.23,0.34,0.43,0.48,0.54,0.65,0.71,0.82,0.73,0.81
176,"slipper","word","clothing",0.03,0.02,0.09,0.13,0.14,0.22,0.29,0.37,0.38,0.39,0.51,0.48,0.7,0.57,0.67
177,"sneaker","word","clothing",0.01,0.02,0.04,0.08,0.11,0.1,0.2,0.18,0.2,0.29,0.31,0.36,0.47,0.39,0.48
178,"snowsuit","word","clothing",0,0.01,0.02,0.02,0.02,0.05,0.08,0.08,0.09,0.14,0.17,0.18,0.26,0.2,0.26
179,"sock","word","clothing",0.3,0.22,0.44,0.47,0.46,0.44,0.5,0.6,0.72,0.75,0.83,0.78,0.95,0.79,0.9
180,"sweater","word","clothing",0.07,0.19,0.2,0.3,0.36,0.4,0.53,0.62,0.51,0.53,0.62,0.65,0.68,0.75,0.81
181,"tights","word","clothing",0.01,0.01,0.03,0.02,0.06,0.06,0.14,0.11,0.17,0.2,0.29,0.23,0.33,0.33,0.43
182,"underpants","word","clothing",0.01,0.01,0.04,0.08,0.09,0.12,0.17,0.21,0.27,0.35,0.49,0.49,0.61,0.58,0.71
183,"zipper","word","clothing",0.03,0.05,0.15,0.24,0.23,0.29,0.38,0.47,0.51,0.59,0.63,0.61,0.77,0.67,0.82
184,"ankle","word","body_parts",0,0.01,0.04,0.07,0.08,0.12,0.12,0.18,0.19,0.24,0.29,0.3,0.49,0.36,0.51
185,"arm","word","body_parts",0.08,0.18,0.24,0.36,0.38,0.51,0.57,0.69,0.72,0.77,0.81,0.81,0.93,0.89,0.96
186,"belly button","word","body_parts",0.22,0.3,0.38,0.48,0.54,0.57,0.67,0.72,0.75,0.78,0.83,0.83,0.91,0.83,0.95
187,"buttocks/bottom*","word","body_parts",0.09,0.14,0.26,0.36,0.38,0.49,0.56,0.63,0.69,0.75,0.79,0.8,0.91,0.83,0.9
188,"cheek","word","body_parts",0.06,0.11,0.2,0.29,0.33,0.4,0.55,0.53,0.6,0.67,0.67,0.78,0.84,0.79,0.86
189,"chin","word","body_parts",0.05,0.05,0.19,0.28,0.29,0.34,0.49,0.5,0.56,0.62,0.72,0.7,0.83,0.8,0.84
190,"ear","word","body_parts",0.31,0.45,0.59,0.7,0.7,0.75,0.84,0.92,0.87,0.9,0.93,0.95,0.97,0.95,0.97
191,"eye","word","body_parts",0.43,0.48,0.67,0.73,0.74,0.74,0.83,0.9,0.92,0.92,0.96,0.94,0.99,0.96,0.98
192,"face","word","body_parts",0.05,0.06,0.16,0.26,0.23,0.33,0.44,0.52,0.6,0.62,0.76,0.72,0.86,0.79,0.88
193,"finger","word","body_parts",0.07,0.19,0.28,0.38,0.43,0.52,0.6,0.71,0.73,0.75,0.83,0.84,0.91,0.88,0.96
194,"foot","word","body_parts",0.14,0.15,0.39,0.44,0.46,0.48,0.63,0.71,0.76,0.84,0.87,0.91,0.95,0.9,0.97
195,"hair","word","body_parts",0.21,0.27,0.45,0.55,0.59,0.67,0.73,0.83,0.82,0.86,0.88,0.92,0.97,0.93,0.96
196,"hand","word","body_parts",0.11,0.15,0.29,0.39,0.49,0.57,0.66,0.77,0.74,0.82,0.86,0.89,0.95,0.93,0.95
197,"head","word","body_parts",0.12,0.17,0.28,0.41,0.41,0.51,0.62,0.7,0.74,0.76,0.8,0.85,0.93,0.87,0.96
198,"knee","word","body_parts",0.1,0.13,0.24,0.34,0.34,0.41,0.53,0.6,0.67,0.73,0.76,0.73,0.87,0.79,0.91
199,"leg","word","body_parts",0.04,0.09,0.18,0.29,0.27,0.39,0.52,0.59,0.66,0.71,0.78,0.79,0.89,0.85,0.95
200,"lips","word","body_parts",0.02,0.05,0.09,0.14,0.18,0.24,0.36,0.4,0.46,0.52,0.64,0.63,0.77,0.71,0.84
201,"mouth","word","body_parts",0.18,0.27,0.43,0.56,0.54,0.57,0.7,0.75,0.79,0.81,0.87,0.88,0.95,0.89,0.96
202,"nose","word","body_parts",0.41,0.47,0.65,0.75,0.76,0.76,0.86,0.9,0.91,0.92,0.93,0.95,0.98,0.95,0.98
203,"owie/boo boo","word","body_parts",0.29,0.38,0.45,0.56,0.65,0.62,0.72,0.79,0.8,0.84,0.88,0.88,0.95,0.83,0.91
204,"penis*","word","body_parts",0.07,0.08,0.16,0.18,0.22,0.28,0.29,0.43,0.42,0.43,0.47,0.52,0.64,0.51,0.55
205,"shoulder","word","body_parts",0.01,0.01,0.03,0.11,0.11,0.16,0.25,0.28,0.33,0.4,0.49,0.49,0.62,0.55,0.7
206,"toe","word","body_parts",0.18,0.28,0.38,0.47,0.47,0.54,0.62,0.69,0.72,0.74,0.83,0.82,0.92,0.86,0.94
207,"tongue","word","body_parts",0.07,0.16,0.22,0.3,0.33,0.36,0.52,0.56,0.59,0.63,0.7,0.74,0.84,0.81,0.91
208,"tooth","word","body_parts",0.16,0.17,0.32,0.38,0.43,0.41,0.54,0.6,0.7,0.72,0.8,0.81,0.92,0.86,0.9
209,"tummy","word","body_parts",0.11,0.18,0.33,0.43,0.45,0.45,0.64,0.68,0.73,0.78,0.86,0.8,0.93,0.87,0.94
210,"vagina*","word","body_parts",0.02,0.03,0.06,0.11,0.1,0.12,0.18,0.16,0.21,0.23,0.28,0.27,0.41,0.36,0.38
211,"basket","word","household",0.03,0.05,0.14,0.18,0.19,0.25,0.32,0.4,0.47,0.5,0.58,0.59,0.76,0.67,0.82
212,"blanket","word","household",0.18,0.22,0.39,0.47,0.51,0.58,0.65,0.77,0.79,0.83,0.87,0.87,0.95,0.92,0.96
213,"bottle","word","household",0.42,0.36,0.49,0.53,0.58,0.61,0.7,0.71,0.73,0.79,0.86,0.83,0.92,0.86,0.93
214,"bowl","word","household",0.11,0.12,0.26,0.33,0.35,0.42,0.5,0.58,0.64,0.71,0.75,0.76,0.89,0.8,0.95
215,"box","word","household",0.12,0.17,0.28,0.37,0.39,0.44,0.55,0.61,0.66,0.71,0.75,0.83,0.88,0.85,0.92
216,"broom","word","household",0.09,0.1,0.18,0.27,0.27,0.36,0.42,0.52,0.56,0.62,0.69,0.71,0.84,0.73,0.85
217,"brush","word","household",0.17,0.15,0.32,0.36,0.4,0.44,0.58,0.63,0.69,0.7,0.73,0.79,0.9,0.82,0.92
218,"bucket","word","household",0.03,0.05,0.09,0.17,0.14,0.24,0.28,0.36,0.42,0.48,0.51,0.54,0.72,0.63,0.78
219,"camera","word","household",0.02,0.01,0.09,0.13,0.18,0.23,0.34,0.35,0.47,0.53,0.6,0.62,0.75,0.68,0.83
220,"can (object)","word","household",0.01,0.03,0.06,0.11,0.13,0.14,0.22,0.27,0.34,0.4,0.44,0.48,0.61,0.57,0.69
221,"clock","word","household",0.14,0.15,0.29,0.34,0.38,0.38,0.49,0.56,0.61,0.65,0.68,0.72,0.85,0.79,0.89
222,"comb","word","household",0.06,0.08,0.18,0.22,0.27,0.27,0.36,0.42,0.45,0.55,0.67,0.59,0.77,0.69,0.82
223,"cup","word","household",0.24,0.3,0.46,0.57,0.6,0.64,0.77,0.79,0.81,0.88,0.92,0.91,0.95,0.91,0.97
224,"dish","word","household",0.03,0.03,0.1,0.13,0.16,0.19,0.27,0.31,0.33,0.42,0.43,0.53,0.67,0.55,0.67
225,"fork","word","household",0.07,0.15,0.27,0.35,0.41,0.47,0.64,0.68,0.71,0.75,0.81,0.89,0.92,0.81,0.93
226,"garbage","word","household",0.03,0.07,0.1,0.17,0.22,0.23,0.28,0.4,0.41,0.47,0.54,0.59,0.66,0.61,0.71
227,"glass","word","household",0.03,0.04,0.1,0.16,0.18,0.23,0.32,0.37,0.47,0.49,0.64,0.59,0.75,0.65,0.79
228,"glasses","word","household",0.09,0.11,0.22,0.3,0.29,0.37,0.46,0.55,0.6,0.66,0.7,0.72,0.87,0.78,0.84
229,"hammer","word","household",0.03,0.03,0.1,0.17,0.18,0.23,0.3,0.4,0.41,0.45,0.55,0.63,0.73,0.62,0.79
230,"jar","word","household",0.03,0.11,0.13,0.19,0.22,0.31,0.38,0.42,0.31,0.34,0.36,0.47,0.44,0.58,0.57
231,"keys","word","household",0.31,0.21,0.38,0.46,0.44,0.41,0.48,0.5,0.68,0.71,0.84,0.72,0.95,0.67,0.85
232,"knife","word","household",0.02,0.01,0.1,0.14,0.16,0.24,0.38,0.42,0.47,0.55,0.61,0.66,0.8,0.69,0.83
233,"lamp","word","household",0.01,0.02,0.05,0.1,0.14,0.15,0.24,0.26,0.31,0.35,0.4,0.47,0.58,0.5,0.66
234,"light","word","household",0.25,0.2,0.42,0.44,0.53,0.55,0.7,0.7,0.77,0.79,0.85,0.85,0.94,0.86,0.95
235,"medicine","word","household",0.04,0.05,0.14,0.22,0.22,0.29,0.38,0.46,0.55,0.62,0.71,0.68,0.84,0.75,0.87
236,"money","word","household",0.06,0.08,0.16,0.27,0.31,0.37,0.44,0.55,0.59,0.65,0.77,0.75,0.9,0.79,0.89
237,"mop","word","household",0.01,0.02,0.04,0.07,0.09,0.12,0.17,0.18,0.25,0.25,0.33,0.35,0.52,0.41,0.55
238,"nail","word","household",0.01,0.01,0.03,0.1,0.05,0.12,0.18,0.26,0.27,0.34,0.39,0.46,0.58,0.51,0.63
239,"napkin","word","household",0.02,0.04,0.1,0.15,0.22,0.28,0.39,0.44,0.54,0.57,0.65,0.64,0.82,0.72,0.87
240,"paper","word","household",0.08,0.11,0.21,0.31,0.32,0.42,0.52,0.61,0.67,0.71,0.78,0.77,0.9,0.86,0.92
241,"penny","word","household",0.02,0.03,0.08,0.1,0.13,0.18,0.28,0.31,0.36,0.45,0.53,0.55,0.67,0.61,0.7
242,"picture","word","household",0.04,0.05,0.18,0.22,0.22,0.28,0.41,0.47,0.56,0.64,0.69,0.72,0.85,0.8,0.89
243,"pillow","word","household",0.09,0.13,0.23,0.33,0.36,0.43,0.54,0.68,0.66,0.74,0.78,0.82,0.92,0.85,0.94
244,"plant","word","household",0.02,0.05,0.1,0.13,0.18,0.22,0.28,0.31,0.37,0.45,0.53,0.51,0.67,0.6,0.75
245,"plate","word","household",0.04,0.04,0.16,0.2,0.26,0.35,0.45,0.53,0.57,0.64,0.64,0.7,0.84,0.77,0.88
246,"purse","word","household",0.05,0.07,0.15,0.22,0.22,0.34,0.36,0.41,0.51,0.55,0.6,0.65,0.79,0.67,0.8
247,"radio","word","household",0.02,0.02,0.05,0.12,0.12,0.2,0.26,0.24,0.28,0.37,0.49,0.52,0.65,0.57,0.67
248,"scissors","word","household",0.01,0.01,0.06,0.14,0.12,0.19,0.26,0.37,0.42,0.51,0.61,0.59,0.76,0.73,0.82
249,"soap","word","household",0.07,0.1,0.23,0.3,0.36,0.44,0.52,0.58,0.68,0.74,0.75,0.83,0.91,0.83,0.91
250,"spoon","word","household",0.2,0.26,0.45,0.52,0.58,0.62,0.74,0.79,0.78,0.83,0.87,0.89,0.95,0.89,0.96
251,"tape","word","household",0.02,0.01,0.09,0.13,0.14,0.18,0.25,0.34,0.41,0.45,0.55,0.59,0.73,0.64,0.77
252,"telephone","word","household",0.16,0.16,0.32,0.4,0.49,0.54,0.66,0.68,0.72,0.81,0.83,0.87,0.95,0.89,0.96
253,"tissue/kleenex","word","household",0.03,0.04,0.11,0.19,0.21,0.31,0.36,0.4,0.52,0.54,0.64,0.63,0.82,0.68,0.83
254,"toothbrush","word","household",0.12,0.16,0.33,0.37,0.44,0.47,0.6,0.7,0.72,0.78,0.79,0.85,0.94,0.87,0.95
255,"towel","word","household",0.06,0.09,0.2,0.26,0.29,0.38,0.5,0.56,0.63,0.7,0.74,0.75,0.91,0.8,0.92
256,"trash","word","household",0.07,0.11,0.21,0.29,0.27,0.35,0.46,0.45,0.54,0.51,0.6,0.62,0.78,0.69,0.8
257,"tray","word","household",0.01,0.01,0.02,0.04,0.05,0.07,0.08,0.11,0.14,0.15,0.18,0.22,0.33,0.32,0.4
258,"vacuum","word","household",0.06,0.08,0.18,0.26,0.26,0.32,0.39,0.42,0.49,0.58,0.63,0.69,0.8,0.73,0.83
259,"walker","word","household",0,0,0.01,0.02,0.04,0.04,0.06,0.1,0.07,0.1,0.17,0.18,0.22,0.21,0.29
260,"watch (object)","word","household",0.07,0.08,0.2,0.24,0.25,0.3,0.42,0.44,0.52,0.55,0.65,0.65,0.83,0.7,0.83
261,"basement","word","furniture_rooms",0.01,0.01,0.02,0.03,0.04,0.08,0.1,0.14,0.12,0.17,0.19,0.26,0.27,0.22,0.24
262,"bathroom","word","furniture_rooms",0.04,0.06,0.16,0.23,0.28,0.34,0.5,0.55,0.59,0.67,0.71,0.73,0.88,0.83,0.92
263,"bathtub","word","furniture_rooms",0.16,0.16,0.3,0.35,0.39,0.43,0.56,0.62,0.65,0.69,0.8,0.79,0.89,0.79,0.93
264,"bed","word","furniture_rooms",0.11,0.21,0.37,0.43,0.53,0.59,0.68,0.79,0.81,0.86,0.84,0.91,0.96,0.91,0.97
265,"bedroom","word","furniture_rooms",0.02,0.04,0.09,0.15,0.15,0.22,0.33,0.4,0.46,0.51,0.57,0.64,0.8,0.7,0.85
266,"bench","word","furniture_rooms",0.01,0.01,0.02,0.05,0.04,0.06,0.1,0.12,0.14,0.19,0.24,0.25,0.41,0.37,0.48
267,"chair","word","furniture_rooms",0.16,0.21,0.4,0.44,0.44,0.57,0.7,0.72,0.78,0.81,0.82,0.9,0.95,0.89,0.94
268,"closet","word","furniture_rooms",0.01,0.01,0.05,0.11,0.11,0.17,0.27,0.28,0.42,0.44,0.55,0.62,0.74,0.69,0.8
269,"couch","word","furniture_rooms",0.03,0.05,0.14,0.19,0.23,0.32,0.38,0.47,0.51,0.58,0.66,0.7,0.84,0.75,0.85
270,"crib","word","furniture_rooms",0.03,0.04,0.11,0.15,0.21,0.26,0.36,0.37,0.46,0.5,0.58,0.58,0.73,0.64,0.76
271,"door","word","furniture_rooms",0.23,0.27,0.39,0.48,0.52,0.59,0.7,0.76,0.79,0.84,0.86,0.92,0.95,0.91,0.96
272,"drawer","word","furniture_rooms",0.02,0.02,0.05,0.09,0.08,0.15,0.18,0.24,0.33,0.34,0.48,0.51,0.64,0.58,0.67
273,"dryer","word","furniture_rooms",0.01,0.01,0.05,0.09,0.07,0.1,0.16,0.23,0.27,0.33,0.42,0.42,0.61,0.52,0.66
274,"garage","word","furniture_rooms",0.01,0.01,0.05,0.1,0.12,0.18,0.26,0.29,0.38,0.44,0.5,0.55,0.7,0.6,0.74
275,"high chair","word","furniture_rooms",0.05,0.08,0.18,0.2,0.2,0.29,0.36,0.38,0.46,0.47,0.54,0.57,0.72,0.63,0.7
276,"kitchen","word","furniture_rooms",0.03,0.05,0.13,0.2,0.22,0.32,0.4,0.54,0.57,0.61,0.71,0.75,0.86,0.79,0.91
277,"living room","word","furniture_rooms",0.01,0.01,0.04,0.07,0.08,0.1,0.2,0.28,0.29,0.36,0.49,0.49,0.62,0.59,0.71
278,"oven","word","furniture_rooms",0.01,0.02,0.05,0.13,0.12,0.2,0.26,0.29,0.36,0.41,0.48,0.51,0.66,0.63,0.75
279,"play pen","word","furniture_rooms",0.01,0,0.02,0.04,0.04,0.04,0.09,0.09,0.1,0.12,0.19,0.21,0.32,0.24,0.32
280,"porch","word","furniture_rooms",0,0,0.01,0.05,0.06,0.09,0.13,0.15,0.18,0.23,0.28,0.4,0.43,0.4,0.49
281,"potty","word","furniture_rooms",0.11,0.2,0.34,0.47,0.49,0.54,0.65,0.7,0.77,0.81,0.84,0.84,0.92,0.88,0.94
282,"rocking chair","word","furniture_rooms",0.04,0.04,0.11,0.16,0.2,0.2,0.35,0.32,0.38,0.44,0.48,0.55,0.65,0.61,0.73
283,"refrigerator","word","furniture_rooms",0.02,0.04,0.07,0.16,0.16,0.18,0.28,0.31,0.42,0.5,0.57,0.58,0.79,0.66,0.81
284,"room","word","furniture_rooms",0.03,0.04,0.1,0.18,0.17,0.27,0.34,0.46,0.51,0.59,0.65,0.65,0.83,0.75,0.86
285,"shower","word","furniture_rooms",0.05,0.08,0.17,0.24,0.28,0.33,0.45,0.49,0.55,0.62,0.72,0.72,0.83,0.77,0.84
286,"sink","word","furniture_rooms",0.02,0.03,0.09,0.13,0.17,0.23,0.34,0.4,0.46,0.51,0.63,0.65,0.76,0.74,0.82
287,"sofa","word","furniture_rooms",0.01,0.01,0.04,0.07,0.08,0.08,0.1,0.16,0.21,0.23,0.27,0.34,0.42,0.41,0.42
288,"stairs","word","furniture_rooms",0.05,0.06,0.13,0.21,0.19,0.22,0.4,0.39,0.47,0.56,0.62,0.58,0.83,0.66,0.79
289,"stove","word","furniture_rooms",0.02,0.07,0.1,0.17,0.19,0.26,0.37,0.4,0.38,0.44,0.5,0.61,0.65,0.67,0.72
290,"table","word","furniture_rooms",0.04,0.06,0.16,0.26,0.27,0.31,0.48,0.53,0.59,0.68,0.7,0.74,0.88,0.82,0.91
291,"TV","word","furniture_rooms",0.1,0.15,0.31,0.38,0.42,0.49,0.64,0.64,0.72,0.78,0.82,0.82,0.95,0.89,0.93
292,"window","word","furniture_rooms",0.04,0.05,0.11,0.2,0.23,0.21,0.3,0.36,0.48,0.54,0.63,0.65,0.84,0.72,0.82
293,"washing machine","word","furniture_rooms",0.01,0.05,0.08,0.1,0.12,0.22,0.28,0.37,0.32,0.38,0.41,0.53,0.6,0.64,0.71
294,"backyard","word","outside",0.02,0.01,0.06,0.09,0.11,0.15,0.23,0.26,0.34,0.38,0.48,0.5,0.69,0.6,0.73
295,"cloud","word","outside",0.03,0.03,0.11,0.19,0.18,0.25,0.35,0.4,0.47,0.48,0.54,0.61,0.76,0.68,0.81
296,"flag","word","outside",0.03,0.04,0.1,0.16,0.14,0.22,0.26,0.31,0.39,0.47,0.54,0.47,0.71,0.58,0.76
297,"flower","word","outside",0.2,0.23,0.41,0.5,0.5,0.52,0.66,0.74,0.76,0.82,0.86,0.88,0.94,0.88,0.97
298,"garden","word","outside",0.01,0,0.05,0.07,0.07,0.1,0.16,0.2,0.23,0.28,0.36,0.38,0.53,0.47,0.58
299,"grass","word","outside",0.06,0.1,0.19,0.27,0.26,0.37,0.47,0.53,0.6,0.71,0.72,0.71,0.87,0.77,0.92
300,"hose","word","outside",0.03,0.01,0.07,0.1,0.09,0.15,0.22,0.26,0.33,0.4,0.48,0.54,0.67,0.55,0.67
301,"ladder","word","outside",0.01,0,0.06,0.08,0.09,0.17,0.16,0.32,0.31,0.39,0.48,0.52,0.65,0.55,0.67
302,"lawn mower","word","outside",0.03,0.04,0.12,0.13,0.16,0.22,0.28,0.36,0.35,0.42,0.48,0.55,0.63,0.55,0.69
303,"moon","word","outside",0.23,0.2,0.4,0.44,0.47,0.54,0.66,0.65,0.76,0.78,0.81,0.79,0.92,0.84,0.93
304,"pool","word","outside",0.1,0.12,0.19,0.27,0.34,0.36,0.44,0.46,0.58,0.63,0.73,0.73,0.85,0.75,0.86
305,"rain","word","outside",0.07,0.12,0.25,0.34,0.39,0.41,0.56,0.67,0.7,0.77,0.73,0.87,0.93,0.86,0.96
306,"rock","word","outside",0.13,0.19,0.28,0.39,0.36,0.46,0.6,0.65,0.67,0.69,0.78,0.81,0.9,0.83,0.93
307,"roof","word","outside",0.01,0,0.02,0.04,0.06,0.07,0.14,0.16,0.2,0.27,0.3,0.39,0.53,0.47,0.6
308,"sandbox","word","outside",0.01,0.01,0.08,0.1,0.1,0.13,0.21,0.25,0.33,0.37,0.46,0.52,0.64,0.55,0.68
309,"shovel","word","outside",0.04,0.03,0.08,0.16,0.16,0.24,0.28,0.4,0.39,0.48,0.52,0.6,0.75,0.63,0.78
310,"sidewalk","word","outside",0.01,0.01,0.04,0.09,0.09,0.09,0.18,0.24,0.3,0.36,0.41,0.48,0.62,0.57,0.69
311,"sky","word","outside",0.06,0.07,0.2,0.26,0.26,0.34,0.43,0.46,0.55,0.57,0.61,0.69,0.81,0.73,0.85
312,"slide (object)","word","outside",0.09,0.11,0.21,0.34,0.34,0.39,0.54,0.58,0.63,0.68,0.7,0.73,0.87,0.79,0.87
313,"snow","word","outside",0.05,0.09,0.15,0.19,0.24,0.3,0.44,0.49,0.48,0.52,0.58,0.67,0.71,0.69,0.8
314,"snowman","word","outside",0.01,0.02,0.04,0.08,0.1,0.17,0.24,0.29,0.32,0.4,0.46,0.5,0.61,0.59,0.75
315,"sprinkler","word","outside",0.01,0.01,0.03,0.06,0.05,0.08,0.13,0.16,0.23,0.33,0.3,0.4,0.51,0.45,0.57
316,"star","word","outside",0.11,0.18,0.25,0.31,0.37,0.5,0.54,0.56,0.67,0.71,0.71,0.76,0.88,0.82,0.91
317,"stick","word","outside",0.05,0.08,0.16,0.21,0.2,0.26,0.38,0.48,0.54,0.56,0.66,0.71,0.81,0.72,0.87
318,"stone","word","outside",0.01,0.01,0.05,0.05,0.07,0.08,0.16,0.13,0.2,0.23,0.29,0.3,0.41,0.34,0.46
319,"street","word","outside",0.02,0.02,0.07,0.14,0.13,0.21,0.3,0.37,0.43,0.51,0.59,0.58,0.78,0.73,0.85
320,"sun","word","outside",0.06,0.1,0.19,0.32,0.32,0.42,0.48,0.56,0.64,0.72,0.73,0.77,0.89,0.83,0.93
321,"swing (object)","word","outside",0.14,0.18,0.31,0.41,0.41,0.47,0.62,0.66,0.68,0.74,0.8,0.82,0.89,0.83,0.92
322,"tree","word","outside",0.21,0.25,0.41,0.49,0.55,0.61,0.68,0.79,0.8,0.82,0.86,0.89,0.94,0.88,0.96
323,"water (not beverage)","word","outside",0.25,0.24,0.44,0.54,0.63,0.6,0.74,0.79,0.82,0.85,0.87,0.95,0.97,0.9,0.98
324,"wind","word","outside",0.02,0.03,0.1,0.16,0.16,0.21,0.3,0.37,0.4,0.5,0.49,0.62,0.71,0.64,0.76
325,"beach","word","places",0.05,0.03,0.07,0.15,0.19,0.2,0.28,0.29,0.3,0.42,0.51,0.59,0.68,0.59,0.71
326,"camping","word","places",0.01,0,0.01,0.01,0.03,0.08,0.06,0.11,0.11,0.15,0.21,0.21,0.3,0.31,0.33
327,"church*","word","places",0.03,0.09,0.12,0.18,0.2,0.23,0.28,0.33,0.38,0.44,0.54,0.46,0.57,0.58,0.69
328,"circus","word","places",0,0,0.01,0.01,0.03,0.04,0.08,0.1,0.13,0.18,0.24,0.25,0.37,0.35,0.43
329,"country","word","places",0,0,0,0,0.01,0.02,0.04,0.03,0.04,0.08,0.07,0.08,0.16,0.15,0.21
330,"downtown","word","places",0,0,0,0.02,0.03,0.02,0.05,0.1,0.08,0.14,0.14,0.23,0.23,0.29,0.27
331,"farm","word","places",0.01,0.01,0.04,0.09,0.11,0.12,0.2,0.27,0.29,0.35,0.39,0.47,0.57,0.49,0.65
332,"gas station","word","places",0,0,0.03,0.03,0.05,0.06,0.14,0.15,0.21,0.26,0.35,0.37,0.56,0.56,0.64
333,"home","word","places",0.11,0.18,0.31,0.41,0.43,0.48,0.6,0.67,0.71,0.81,0.85,0.85,0.91,0.83,0.93
334,"house","word","places",0.08,0.12,0.24,0.32,0.34,0.4,0.5,0.6,0.66,0.72,0.73,0.78,0.88,0.83,0.93
335,"movie","word","places",0.01,0.02,0.06,0.08,0.11,0.16,0.23,0.3,0.34,0.39,0.44,0.49,0.65,0.65,0.72
336,"outside","word","places",0.23,0.3,0.43,0.52,0.59,0.62,0.71,0.76,0.76,0.8,0.85,0.87,0.93,0.87,0.95
337,"park","word","places",0.07,0.13,0.21,0.29,0.32,0.37,0.52,0.55,0.62,0.68,0.77,0.75,0.85,0.81,0.9
338,"party","word","places",0.01,0.01,0.07,0.09,0.12,0.16,0.24,0.32,0.44,0.5,0.57,0.55,0.76,0.68,0.77
339,"picnic","word","places",0,0.01,0.03,0.05,0.07,0.06,0.1,0.19,0.23,0.27,0.4,0.45,0.52,0.51,0.64
340,"playground","word","places",0.01,0.02,0.06,0.07,0.08,0.12,0.2,0.26,0.3,0.38,0.43,0.45,0.57,0.63,0.66
341,"school","word","places",0.04,0.08,0.17,0.24,0.28,0.33,0.47,0.56,0.57,0.69,0.69,0.73,0.85,0.83,0.91
342,"store","word","places",0.04,0.04,0.16,0.23,0.25,0.32,0.44,0.53,0.59,0.65,0.77,0.73,0.88,0.78,0.89
343,"woods","word","places",0.01,0.01,0.01,0.02,0.02,0.07,0.06,0.09,0.08,0.15,0.18,0.23,0.27,0.26,0.37
344,"work (place)","word","places",0.06,0.05,0.15,0.2,0.24,0.28,0.44,0.49,0.57,0.63,0.71,0.73,0.86,0.74,0.88
345,"yard","word","places",0.01,0.02,0.05,0.09,0.08,0.15,0.16,0.23,0.3,0.39,0.48,0.46,0.61,0.56,0.71
346,"zoo","word","places",0.04,0.08,0.12,0.12,0.2,0.23,0.31,0.37,0.46,0.48,0.54,0.59,0.73,0.68,0.77
347,"aunt","word","people",0.06,0.08,0.14,0.15,0.18,0.19,0.35,0.36,0.45,0.51,0.58,0.62,0.72,0.65,0.72
348,"baby","word","people",0.53,0.6,0.73,0.75,0.81,0.85,0.88,0.93,0.91,0.94,0.96,0.92,0.98,0.96,0.97
349,"babysitter","word","people",0.01,0,0.01,0.02,0.03,0.02,0.08,0.14,0.12,0.15,0.18,0.26,0.34,0.29,0.38
350,"babysitter's name","word","people",0.19,0.2,0.25,0.3,0.31,0.33,0.4,0.47,0.48,0.48,0.59,0.61,0.68,0.59,0.72
351,"boy","word","people",0.08,0.12,0.22,0.31,0.32,0.37,0.46,0.56,0.58,0.65,0.75,0.76,0.85,0.8,0.9
352,"brother","word","people",0.07,0.13,0.14,0.18,0.18,0.26,0.26,0.34,0.35,0.39,0.51,0.48,0.61,0.56,0.64
353,"child","word","people",0.01,0.01,0.03,0.03,0.04,0.04,0.08,0.11,0.15,0.17,0.16,0.26,0.33,0.3,0.37
354,"clown","word","people",0.02,0.03,0.09,0.12,0.15,0.15,0.19,0.27,0.32,0.39,0.45,0.49,0.7,0.51,0.67
355,"cowboy","word","people",0,0,0.01,0.02,0.03,0.04,0.08,0.11,0.16,0.2,0.21,0.23,0.41,0.36,0.47
356,"daddy*","word","people",0.92,0.94,0.95,0.96,0.96,0.95,0.96,0.98,0.97,0.97,0.99,0.98,0.99,0.98,0.99
357,"doctor","word","people",0.03,0.05,0.15,0.19,0.24,0.26,0.34,0.39,0.51,0.56,0.63,0.72,0.79,0.76,0.88
358,"fireman","word","people",0,0.01,0.04,0.03,0.06,0.08,0.15,0.22,0.27,0.3,0.43,0.47,0.59,0.55,0.7
359,"friend","word","people",0.02,0.02,0.06,0.09,0.13,0.14,0.26,0.31,0.35,0.38,0.48,0.5,0.68,0.64,0.78
360,"girl","word","people",0.07,0.09,0.2,0.29,0.3,0.35,0.45,0.5,0.53,0.59,0.64,0.67,0.82,0.75,0.86
361,"grandma*","word","people",0.41,0.44,0.58,0.65,0.69,0.74,0.82,0.86,0.86,0.9,0.94,0.91,0.96,0.94,0.98
362,"grandpa*","word","people",0.34,0.39,0.54,0.58,0.61,0.67,0.76,0.79,0.79,0.87,0.87,0.85,0.93,0.9,0.94
363,"lady","word","people",0.02,0.01,0.07,0.09,0.15,0.15,0.22,0.27,0.3,0.36,0.44,0.48,0.6,0.46,0.61
364,"mailman","word","people",0.01,0.01,0.04,0.07,0.07,0.12,0.16,0.2,0.23,0.3,0.41,0.46,0.53,0.47,0.64
365,"man","word","people",0.05,0.04,0.12,0.18,0.22,0.26,0.34,0.44,0.44,0.49,0.61,0.63,0.75,0.67,0.8
366,"mommy*","word","people",0.93,0.93,0.97,0.97,0.96,0.97,0.96,0.99,0.98,0.97,0.99,0.98,0.99,0.98,0.99
367,"nurse","word","people",0.01,0.01,0.01,0.02,0.04,0.05,0.08,0.08,0.1,0.14,0.19,0.19,0.3,0.26,0.39
368,"child's own name","word","people",0.25,0.33,0.44,0.51,0.52,0.64,0.7,0.73,0.78,0.83,0.87,0.88,0.94,0.91,0.97
369,"people","word","people",0.03,0.02,0.09,0.13,0.11,0.13,0.3,0.29,0.33,0.36,0.49,0.55,0.64,0.57,0.72
370,"person","word","people",0.01,0.01,0.01,0.02,0.04,0.03,0.05,0.06,0.11,0.14,0.19,0.21,0.29,0.25,0.33
371,"pet's name","word","people",0.3,0.29,0.45,0.43,0.47,0.54,0.57,0.6,0.63,0.63,0.7,0.66,0.81,0.69,0.77
372,"police","word","people",0.01,0,0.03,0.02,0.04,0.06,0.12,0.17,0.22,0.28,0.38,0.42,0.52,0.48,0.65
373,"sister","word","people",0.1,0.14,0.16,0.19,0.23,0.27,0.3,0.34,0.38,0.41,0.52,0.41,0.59,0.52,0.66
374,"teacher","word","people",0.01,0.02,0.05,0.07,0.07,0.09,0.17,0.17,0.3,0.29,0.38,0.39,0.54,0.56,0.65
375,"uncle","word","people",0.03,0.04,0.12,0.14,0.17,0.21,0.34,0.35,0.43,0.51,0.56,0.55,0.69,0.62,0.75
376,"bath","word","games_routines",0.36,0.45,0.57,0.63,0.67,0.7,0.82,0.85,0.85,0.86,0.93,0.9,0.97,0.93,0.97
377,"breakfast","word","games_routines",0.06,0.08,0.15,0.21,0.25,0.32,0.43,0.49,0.54,0.62,0.61,0.69,0.82,0.78,0.87
378,"bye","word","games_routines",0.72,0.75,0.88,0.88,0.91,0.91,0.92,0.94,0.95,0.96,0.97,0.93,0.98,0.97,0.98
379,"call (on phone)","word","games_routines",0.1,0.13,0.2,0.25,0.28,0.35,0.46,0.54,0.58,0.67,0.69,0.68,0.81,0.74,0.86
380,"dinner","word","games_routines",0.05,0.05,0.13,0.17,0.23,0.32,0.42,0.47,0.53,0.59,0.63,0.67,0.82,0.76,0.86
381,"give me five!","word","games_routines",0.07,0.11,0.19,0.26,0.31,0.27,0.36,0.37,0.48,0.56,0.57,0.59,0.7,0.68,0.72
382,"gonna get you!","word","games_routines",0.08,0.12,0.17,0.22,0.23,0.26,0.33,0.47,0.5,0.57,0.68,0.59,0.78,0.69,0.78
383,"go potty","word","games_routines",0.06,0.13,0.22,0.31,0.32,0.42,0.52,0.58,0.67,0.7,0.8,0.83,0.89,0.83,0.94
384,"hello","word","games_routines",0.33,0.48,0.5,0.58,0.64,0.67,0.75,0.78,0.74,0.75,0.77,0.76,0.82,0.85,0.88
385,"hi","word","games_routines",0.65,0.54,0.71,0.72,0.76,0.74,0.77,0.84,0.89,0.92,0.93,0.93,0.98,0.93,0.95
386,"lunch","word","games_routines",0.05,0.06,0.16,0.18,0.24,0.3,0.36,0.48,0.53,0.6,0.65,0.64,0.81,0.8,0.88
387,"nap","word","games_routines",0.08,0.11,0.22,0.27,0.35,0.39,0.52,0.58,0.67,0.72,0.82,0.79,0.91,0.84,0.94
388,"night night","word","games_routines",0.41,0.44,0.59,0.67,0.68,0.76,0.78,0.83,0.82,0.87,0.9,0.88,0.95,0.93,0.97
389,"no","word","games_routines",0.64,0.7,0.78,0.83,0.85,0.89,0.91,0.93,0.95,0.93,0.97,0.95,0.98,0.97,1
390,"pattycake","word","games_routines",0.08,0.13,0.18,0.23,0.26,0.3,0.35,0.38,0.45,0.5,0.56,0.59,0.73,0.62,0.73
391,"peekaboo","word","games_routines",0.33,0.4,0.49,0.57,0.58,0.61,0.67,0.78,0.77,0.81,0.85,0.86,0.91,0.84,0.94
392,"please","word","games_routines",0.27,0.36,0.49,0.56,0.68,0.74,0.76,0.85,0.87,0.86,0.93,0.94,0.98,0.96,0.98
393,"shh/shush/hush","word","games_routines",0.31,0.47,0.5,0.57,0.62,0.7,0.67,0.77,0.81,0.84,0.9,0.81,0.93,0.89,0.94
394,"shopping","word","games_routines",0.02,0.03,0.09,0.13,0.12,0.18,0.28,0.37,0.43,0.5,0.56,0.59,0.75,0.64,0.8
395,"snack","word","games_routines",0.05,0.12,0.2,0.22,0.29,0.33,0.41,0.55,0.57,0.62,0.66,0.67,0.8,0.78,0.88
396,"so big!","word","games_routines",0.06,0.08,0.14,0.12,0.19,0.23,0.28,0.37,0.4,0.5,0.54,0.49,0.62,0.6,0.67
397,"thank you","word","games_routines",0.37,0.44,0.56,0.62,0.66,0.72,0.78,0.84,0.86,0.88,0.91,0.94,0.97,0.98,0.98
398,"this little piggy","word","games_routines",0.04,0.04,0.11,0.13,0.15,0.18,0.24,0.32,0.4,0.44,0.45,0.52,0.68,0.58,0.71
399,"turn around","word","games_routines",0.02,0.03,0.07,0.14,0.14,0.16,0.26,0.35,0.41,0.47,0.54,0.56,0.71,0.63,0.77
400,"yes","word","games_routines",0.35,0.42,0.51,0.59,0.72,0.79,0.81,0.84,0.88,0.91,0.93,0.94,0.96,0.97,0.99
401,"bite","word","action_words",0.13,0.17,0.29,0.36,0.37,0.45,0.59,0.64,0.66,0.73,0.78,0.77,0.91,0.81,0.9
402,"blow","word","action_words",0.07,0.05,0.17,0.24,0.27,0.27,0.43,0.45,0.57,0.63,0.68,0.68,0.86,0.7,0.86
403,"break","word","action_words",0.02,0.03,0.09,0.13,0.19,0.22,0.4,0.48,0.48,0.57,0.69,0.64,0.83,0.75,0.9
404,"bring","word","action_words",0.02,0.03,0.07,0.1,0.11,0.17,0.2,0.34,0.34,0.44,0.51,0.5,0.68,0.61,0.74
405,"build","word","action_words",0.01,0.01,0.03,0.05,0.07,0.11,0.19,0.28,0.32,0.39,0.47,0.51,0.63,0.63,0.76
406,"bump","word","action_words",0.06,0.07,0.13,0.14,0.2,0.18,0.36,0.37,0.41,0.47,0.57,0.51,0.71,0.66,0.76
407,"buy","word","action_words",0.01,0.01,0.04,0.05,0.09,0.1,0.18,0.23,0.28,0.35,0.44,0.49,0.63,0.64,0.73
408,"carry","word","action_words",0.01,0.02,0.07,0.13,0.14,0.22,0.3,0.4,0.44,0.56,0.61,0.64,0.76,0.75,0.82
409,"catch","word","action_words",0.02,0.03,0.09,0.11,0.15,0.2,0.3,0.39,0.47,0.53,0.59,0.64,0.77,0.72,0.83
410,"chase","word","action_words",0.01,0.03,0.05,0.08,0.08,0.1,0.16,0.25,0.28,0.36,0.36,0.37,0.6,0.52,0.65
411,"clap","word","action_words",0.07,0.12,0.21,0.29,0.32,0.31,0.49,0.5,0.6,0.64,0.67,0.67,0.82,0.75,0.86
412,"clean (action)","word","action_words",0.03,0.07,0.14,0.21,0.28,0.28,0.42,0.46,0.56,0.61,0.69,0.67,0.86,0.75,0.9
413,"climb","word","action_words",0.02,0.04,0.07,0.13,0.15,0.18,0.34,0.37,0.45,0.52,0.56,0.57,0.75,0.7,0.81
414,"close","word","action_words",0.06,0.06,0.14,0.17,0.25,0.25,0.4,0.45,0.52,0.58,0.66,0.66,0.83,0.78,0.86
415,"cook","word","action_words",0.03,0.04,0.12,0.14,0.21,0.26,0.3,0.42,0.5,0.57,0.61,0.61,0.77,0.72,0.81
416,"cover","word","action_words",0.01,0.01,0.03,0.06,0.07,0.09,0.16,0.22,0.27,0.31,0.43,0.39,0.62,0.56,0.65
417,"cry","word","action_words",0.04,0.09,0.14,0.22,0.3,0.36,0.46,0.55,0.61,0.72,0.8,0.76,0.9,0.85,0.94
418,"cut","word","action_words",0.01,0.01,0.04,0.08,0.11,0.13,0.22,0.31,0.36,0.47,0.54,0.55,0.72,0.66,0.77
419,"dance","word","action_words",0.07,0.11,0.2,0.27,0.28,0.35,0.51,0.51,0.61,0.66,0.72,0.71,0.85,0.8,0.92
420,"draw","word","action_words",0.02,0.03,0.09,0.16,0.14,0.26,0.32,0.37,0.46,0.52,0.57,0.59,0.76,0.69,0.83
421,"drink (action)","word","action_words",0.15,0.18,0.33,0.41,0.44,0.51,0.66,0.69,0.77,0.78,0.83,0.81,0.92,0.85,0.93
422,"drive","word","action_words",0.02,0.03,0.09,0.14,0.16,0.24,0.34,0.45,0.5,0.57,0.6,0.66,0.82,0.75,0.85
423,"drop","word","action_words",0.01,0.03,0.07,0.11,0.13,0.15,0.32,0.37,0.43,0.44,0.6,0.54,0.75,0.66,0.82
424,"dry (action)","word","action_words",0.01,0.03,0.05,0.09,0.14,0.16,0.24,0.3,0.36,0.46,0.5,0.52,0.73,0.65,0.76
425,"dump","word","action_words",0.01,0.01,0.03,0.06,0.09,0.06,0.12,0.23,0.23,0.25,0.28,0.35,0.45,0.45,0.53
426,"eat","word","action_words",0.17,0.24,0.43,0.51,0.51,0.64,0.7,0.8,0.82,0.86,0.91,0.91,0.96,0.92,0.96
427,"fall","word","action_words",0.04,0.07,0.14,0.23,0.24,0.33,0.48,0.57,0.61,0.71,0.79,0.75,0.9,0.8,0.93
428,"feed","word","action_words",0.01,0.02,0.05,0.1,0.12,0.12,0.22,0.32,0.33,0.43,0.51,0.54,0.7,0.62,0.75
429,"find","word","action_words",0.01,0.02,0.07,0.11,0.15,0.18,0.31,0.38,0.43,0.52,0.58,0.61,0.79,0.68,0.82
430,"finish","word","action_words",0.01,0.03,0.05,0.07,0.08,0.07,0.16,0.23,0.26,0.34,0.39,0.41,0.59,0.56,0.63
431,"fit","word","action_words",0,0,0.03,0.04,0.05,0.06,0.12,0.18,0.22,0.29,0.38,0.37,0.54,0.51,0.6
432,"fix","word","action_words",0.01,0.02,0.09,0.13,0.18,0.21,0.32,0.44,0.48,0.56,0.64,0.66,0.83,0.71,0.85
433,"get","word","action_words",0.06,0.07,0.17,0.22,0.22,0.3,0.44,0.52,0.55,0.62,0.7,0.69,0.87,0.79,0.84
434,"give","word","action_words",0.03,0.03,0.06,0.12,0.14,0.17,0.28,0.35,0.42,0.49,0.6,0.58,0.78,0.71,0.79
435,"go","word","action_words",0.25,0.34,0.45,0.56,0.59,0.67,0.72,0.8,0.82,0.85,0.88,0.87,0.95,0.93,0.96
436,"hate","word","action_words",0,0,0,0.01,0.01,0,0.04,0.06,0.05,0.1,0.19,0.15,0.22,0.2,0.27
437,"have","word","action_words",0.01,0.02,0.06,0.1,0.13,0.15,0.27,0.35,0.4,0.47,0.57,0.6,0.75,0.7,0.78
438,"hear","word","action_words",0.01,0.01,0.05,0.09,0.1,0.11,0.24,0.29,0.34,0.42,0.49,0.52,0.68,0.62,0.78
439,"help","word","action_words",0.07,0.11,0.21,0.3,0.32,0.38,0.54,0.6,0.66,0.76,0.76,0.8,0.9,0.87,0.88
440,"hide","word","action_words",0.01,0.02,0.07,0.13,0.18,0.22,0.34,0.4,0.45,0.57,0.58,0.59,0.78,0.73,0.82
441,"hit","word","action_words",0.02,0.04,0.11,0.16,0.19,0.25,0.42,0.46,0.55,0.62,0.7,0.69,0.84,0.76,0.84
442,"hold","word","action_words",0.02,0.01,0.1,0.16,0.14,0.23,0.38,0.44,0.46,0.53,0.68,0.59,0.83,0.7,0.84
443,"hug","word","action_words",0.11,0.17,0.28,0.37,0.42,0.44,0.6,0.69,0.7,0.77,0.83,0.83,0.92,0.89,0.95
444,"hurry","word","action_words",0.02,0.01,0.05,0.07,0.09,0.13,0.2,0.21,0.32,0.37,0.49,0.43,0.68,0.56,0.72
445,"jump","word","action_words",0.05,0.09,0.19,0.24,0.3,0.39,0.53,0.6,0.66,0.71,0.73,0.75,0.89,0.84,0.94
446,"kick","word","action_words",0.05,0.08,0.15,0.21,0.2,0.29,0.38,0.47,0.53,0.59,0.66,0.67,0.8,0.77,0.88
447,"kiss","word","action_words",0.13,0.21,0.32,0.41,0.45,0.51,0.62,0.71,0.76,0.82,0.85,0.84,0.94,0.91,0.94
448,"knock","word","action_words",0.03,0.07,0.11,0.16,0.15,0.25,0.36,0.37,0.45,0.5,0.56,0.59,0.73,0.66,0.79
449,"lick","word","action_words",0,0.02,0.03,0.05,0.07,0.15,0.18,0.25,0.29,0.38,0.42,0.5,0.62,0.61,0.7
450,"like","word","action_words",0.01,0.01,0.05,0.1,0.12,0.14,0.28,0.35,0.41,0.47,0.57,0.64,0.76,0.7,0.86
451,"listen","word","action_words",0,0.01,0.04,0.06,0.08,0.11,0.16,0.26,0.27,0.34,0.39,0.44,0.58,0.59,0.65
452,"look","word","action_words",0.06,0.07,0.15,0.2,0.19,0.25,0.38,0.47,0.61,0.64,0.73,0.72,0.86,0.83,0.87
453,"love","word","action_words",0.09,0.14,0.2,0.3,0.32,0.39,0.42,0.58,0.62,0.69,0.73,0.73,0.88,0.86,0.9
454,"make","word","action_words",0,0,0.02,0.06,0.08,0.12,0.22,0.28,0.34,0.4,0.52,0.54,0.73,0.66,0.79
455,"open","word","action_words",0.12,0.14,0.28,0.38,0.39,0.44,0.62,0.64,0.71,0.77,0.82,0.84,0.92,0.87,0.93
456,"paint","word","action_words",0.01,0.03,0.06,0.08,0.13,0.19,0.26,0.32,0.39,0.44,0.5,0.57,0.73,0.68,0.8
457,"pick","word","action_words",0.01,0,0.04,0.08,0.07,0.09,0.13,0.21,0.24,0.32,0.44,0.38,0.58,0.56,0.65
458,"play","word","action_words",0.06,0.09,0.19,0.27,0.32,0.37,0.52,0.62,0.66,0.72,0.84,0.8,0.9,0.88,0.95
459,"pour","word","action_words",0.01,0,0.03,0.06,0.07,0.11,0.18,0.2,0.25,0.35,0.38,0.5,0.6,0.55,0.66
460,"pretend","word","action_words",0,0,0.01,0.02,0.03,0.02,0.06,0.12,0.14,0.17,0.25,0.24,0.42,0.4,0.5
461,"pull","word","action_words",0.03,0.04,0.06,0.12,0.13,0.2,0.28,0.34,0.39,0.48,0.57,0.54,0.73,0.67,0.76
462,"push","word","action_words",0.05,0.05,0.12,0.17,0.24,0.27,0.35,0.46,0.51,0.59,0.67,0.69,0.81,0.78,0.84
463,"put","word","action_words",0.01,0.02,0.05,0.09,0.14,0.14,0.22,0.29,0.35,0.43,0.54,0.48,0.69,0.63,0.73
464,"read","word","action_words",0.09,0.16,0.21,0.28,0.31,0.37,0.55,0.61,0.68,0.73,0.78,0.77,0.92,0.82,0.92
465,"ride","word","action_words",0.04,0.05,0.14,0.2,0.2,0.3,0.42,0.51,0.56,0.62,0.72,0.7,0.85,0.74,0.86
466,"rip","word","action_words",0,0.01,0.01,0.04,0.03,0.05,0.06,0.13,0.13,0.17,0.25,0.29,0.4,0.36,0.45
467,"run","word","action_words",0.03,0.06,0.14,0.2,0.26,0.32,0.5,0.53,0.62,0.69,0.71,0.71,0.86,0.8,0.93
468,"say","word","action_words",0.02,0.04,0.07,0.09,0.09,0.11,0.22,0.24,0.32,0.4,0.45,0.49,0.65,0.59,0.73
469,"see","word","action_words",0.11,0.12,0.23,0.3,0.28,0.4,0.5,0.59,0.64,0.73,0.79,0.74,0.87,0.82,0.88
470,"shake","word","action_words",0.01,0.04,0.07,0.12,0.13,0.16,0.25,0.29,0.36,0.36,0.49,0.45,0.63,0.56,0.67
471,"share","word","action_words",0.01,0.01,0.05,0.09,0.11,0.17,0.28,0.3,0.37,0.47,0.48,0.57,0.71,0.63,0.79
472,"show","word","action_words",0.01,0.01,0.04,0.05,0.08,0.12,0.19,0.29,0.31,0.4,0.45,0.46,0.64,0.61,0.76
473,"sing","word","action_words",0.03,0.05,0.11,0.15,0.22,0.26,0.41,0.44,0.55,0.61,0.67,0.66,0.83,0.75,0.88
474,"sit","word","action_words",0.11,0.16,0.29,0.38,0.39,0.47,0.59,0.69,0.7,0.76,0.75,0.78,0.91,0.8,0.92
475,"skate","word","action_words",0,0,0.01,0.03,0.03,0.08,0.08,0.09,0.15,0.17,0.25,0.27,0.42,0.37,0.44
476,"sleep","word","action_words",0.05,0.09,0.17,0.27,0.32,0.38,0.51,0.62,0.64,0.74,0.77,0.8,0.91,0.84,0.92
477,"slide (action)","word","action_words",0.05,0.07,0.14,0.22,0.26,0.3,0.42,0.46,0.56,0.62,0.65,0.66,0.81,0.72,0.86
478,"smile","word","action_words",0.01,0.02,0.05,0.1,0.11,0.16,0.22,0.31,0.35,0.45,0.45,0.5,0.67,0.65,0.73
479,"spill","word","action_words",0.01,0.01,0.04,0.08,0.12,0.17,0.24,0.31,0.33,0.43,0.55,0.51,0.71,0.67,0.81
480,"splash","word","action_words",0.05,0.05,0.11,0.16,0.17,0.25,0.31,0.4,0.46,0.5,0.55,0.56,0.75,0.7,0.84
481,"stand","word","action_words",0.01,0.02,0.06,0.08,0.13,0.2,0.28,0.35,0.37,0.45,0.57,0.54,0.71,0.67,0.77
482,"stay","word","action_words",0.01,0.02,0.06,0.08,0.11,0.12,0.26,0.36,0.38,0.43,0.55,0.55,0.72,0.64,0.76
483,"stop","word","action_words",0.09,0.14,0.2,0.26,0.33,0.42,0.54,0.61,0.66,0.74,0.78,0.75,0.91,0.84,0.91
484,"sweep","word","action_words",0.02,0.03,0.07,0.12,0.14,0.22,0.28,0.33,0.38,0.46,0.48,0.5,0.71,0.65,0.75
485,"swim","word","action_words",0.03,0.07,0.14,0.19,0.19,0.27,0.38,0.48,0.52,0.61,0.64,0.63,0.8,0.75,0.87
486,"swing (action)","word","action_words",0.1,0.11,0.21,0.33,0.31,0.38,0.55,0.59,0.63,0.68,0.74,0.71,0.86,0.81,0.89
487,"take","word","action_words",0.01,0.01,0.04,0.08,0.08,0.12,0.24,0.32,0.32,0.41,0.5,0.5,0.69,0.65,0.75
488,"talk","word","action_words",0.01,0.03,0.08,0.1,0.12,0.13,0.26,0.35,0.4,0.46,0.54,0.58,0.75,0.72,0.81
489,"taste","word","action_words",0.01,0,0.04,0.06,0.07,0.1,0.2,0.23,0.27,0.31,0.41,0.44,0.61,0.55,0.65
490,"tear","word","action_words",0,0.01,0.02,0.02,0.05,0.06,0.08,0.12,0.19,0.23,0.24,0.33,0.44,0.46,0.54
491,"think","word","action_words",0,0,0.02,0.01,0.03,0.04,0.08,0.09,0.13,0.18,0.22,0.26,0.43,0.37,0.51
492,"throw","word","action_words",0.04,0.06,0.14,0.16,0.19,0.23,0.38,0.48,0.54,0.62,0.65,0.69,0.83,0.76,0.88
493,"tickle","word","action_words",0.12,0.14,0.27,0.24,0.3,0.3,0.48,0.55,0.6,0.66,0.67,0.7,0.86,0.75,0.86
494,"touch","word","action_words",0.03,0.02,0.1,0.12,0.16,0.16,0.26,0.33,0.4,0.48,0.55,0.57,0.75,0.67,0.83
495,"wait","word","action_words",0.01,0.03,0.07,0.1,0.14,0.18,0.27,0.34,0.38,0.45,0.5,0.55,0.72,0.65,0.77
496,"wake","word","action_words",0.01,0.01,0.04,0.06,0.1,0.13,0.23,0.25,0.34,0.44,0.49,0.53,0.7,0.63,0.77
497,"walk","word","action_words",0.08,0.12,0.26,0.34,0.31,0.42,0.56,0.61,0.67,0.72,0.72,0.75,0.89,0.79,0.91
498,"wash","word","action_words",0.05,0.06,0.15,0.22,0.29,0.33,0.48,0.52,0.61,0.66,0.69,0.65,0.88,0.73,0.89
499,"watch (action)","word","action_words",0.02,0.03,0.07,0.12,0.16,0.18,0.32,0.37,0.41,0.47,0.52,0.6,0.75,0.7,0.82
500,"wipe","word","action_words",0.03,0.02,0.1,0.12,0.17,0.23,0.36,0.36,0.45,0.5,0.49,0.57,0.73,0.71,0.78
501,"wish","word","action_words",0,0,0,0.02,0.03,0.03,0.04,0.05,0.06,0.11,0.15,0.15,0.26,0.25,0.37
502,"work (action)","word","action_words",0.04,0.03,0.12,0.14,0.21,0.21,0.36,0.43,0.5,0.55,0.67,0.65,0.81,0.7,0.85
503,"write","word","action_words",0.01,0.01,0.05,0.11,0.15,0.19,0.26,0.27,0.37,0.39,0.44,0.52,0.64,0.64,0.71
504,"all gone","word","descriptive_words",0.32,0.36,0.49,0.6,0.65,0.63,0.72,0.81,0.82,0.8,0.87,0.84,0.94,0.87,0.93
505,"asleep","word","descriptive_words",0.03,0.06,0.11,0.19,0.22,0.25,0.4,0.46,0.55,0.59,0.61,0.57,0.79,0.75,0.85
506,"awake","word","descriptive_words",0.01,0.03,0.05,0.11,0.12,0.2,0.3,0.35,0.4,0.49,0.57,0.53,0.73,0.68,0.8
507,"bad","word","descriptive_words",0.07,0.07,0.13,0.16,0.21,0.29,0.32,0.42,0.5,0.56,0.66,0.58,0.76,0.69,0.83
508,"better","word","descriptive_words",0.01,0.03,0.06,0.09,0.1,0.15,0.22,0.25,0.32,0.4,0.52,0.52,0.65,0.58,0.75
509,"big","word","descriptive_words",0.08,0.1,0.23,0.29,0.35,0.43,0.57,0.63,0.67,0.74,0.85,0.79,0.91,0.82,0.94
510,"black","word","descriptive_words",0.02,0.06,0.08,0.12,0.14,0.16,0.32,0.37,0.41,0.48,0.51,0.49,0.73,0.66,0.82
511,"blue","word","descriptive_words",0.09,0.14,0.23,0.31,0.31,0.38,0.52,0.56,0.65,0.7,0.7,0.74,0.87,0.8,0.91
512,"broken","word","descriptive_words",0.04,0.06,0.13,0.2,0.28,0.33,0.5,0.58,0.61,0.67,0.78,0.73,0.89,0.81,0.93
513,"brown","word","descriptive_words",0.02,0.01,0.07,0.11,0.1,0.14,0.26,0.33,0.36,0.43,0.45,0.46,0.66,0.56,0.76
514,"careful","word","descriptive_words",0.02,0.02,0.09,0.12,0.16,0.16,0.25,0.36,0.38,0.5,0.52,0.51,0.74,0.62,0.79
515,"clean (description)","word","descriptive_words",0.04,0.08,0.16,0.23,0.28,0.33,0.46,0.49,0.58,0.66,0.7,0.68,0.86,0.76,0.91
516,"cold","word","descriptive_words",0.13,0.19,0.33,0.44,0.47,0.52,0.67,0.71,0.77,0.82,0.83,0.82,0.94,0.87,0.95
517,"cute","word","descriptive_words",0.03,0.05,0.08,0.12,0.16,0.16,0.3,0.33,0.34,0.4,0.46,0.42,0.63,0.56,0.67
518,"dark","word","descriptive_words",0.03,0.04,0.07,0.12,0.15,0.16,0.26,0.38,0.45,0.5,0.56,0.54,0.75,0.65,0.81
519,"dirty","word","descriptive_words",0.1,0.1,0.23,0.33,0.39,0.47,0.57,0.62,0.69,0.73,0.81,0.77,0.91,0.83,0.95
520,"dry (description)","word","descriptive_words",0.02,0.03,0.08,0.11,0.14,0.19,0.28,0.34,0.39,0.47,0.5,0.53,0.76,0.66,0.81
521,"empty","word","descriptive_words",0.03,0.02,0.1,0.14,0.16,0.21,0.26,0.35,0.38,0.45,0.49,0.52,0.68,0.59,0.75
522,"fast","word","descriptive_words",0.02,0.04,0.05,0.12,0.15,0.19,0.3,0.37,0.42,0.5,0.57,0.59,0.75,0.67,0.83
523,"fine","word","descriptive_words",0.01,0.01,0.01,0.03,0.04,0.04,0.08,0.13,0.16,0.22,0.29,0.29,0.4,0.33,0.51
524,"first","word","descriptive_words",0.01,0,0.02,0.04,0.04,0.08,0.15,0.2,0.22,0.31,0.38,0.41,0.56,0.52,0.66
525,"full","word","descriptive_words",0.01,0.02,0.05,0.09,0.1,0.1,0.2,0.25,0.34,0.36,0.5,0.52,0.67,0.61,0.75
526,"gentle","word","descriptive_words",0.04,0.07,0.11,0.11,0.13,0.14,0.23,0.29,0.33,0.41,0.39,0.39,0.54,0.48,0.62
527,"good","word","descriptive_words",0.08,0.13,0.18,0.25,0.28,0.3,0.42,0.45,0.55,0.62,0.72,0.69,0.83,0.79,0.88
528,"green","word","descriptive_words",0.04,0.07,0.15,0.21,0.24,0.28,0.42,0.47,0.53,0.59,0.6,0.63,0.82,0.76,0.89
529,"happy","word","descriptive_words",0.07,0.1,0.18,0.23,0.3,0.29,0.41,0.49,0.55,0.6,0.6,0.69,0.79,0.74,0.87
530,"hard","word","descriptive_words",0.01,0.01,0.04,0.07,0.08,0.08,0.16,0.21,0.3,0.35,0.43,0.42,0.62,0.56,0.69
531,"heavy","word","descriptive_words",0.03,0.02,0.08,0.16,0.19,0.24,0.36,0.44,0.49,0.55,0.64,0.68,0.81,0.74,0.88
532,"high","word","descriptive_words",0.01,0.01,0.06,0.08,0.14,0.16,0.26,0.31,0.37,0.47,0.47,0.53,0.69,0.64,0.8
533,"hot","word","descriptive_words",0.43,0.4,0.61,0.64,0.72,0.71,0.77,0.85,0.84,0.85,0.92,0.89,0.97,0.91,0.95
534,"hungry","word","descriptive_words",0.05,0.07,0.15,0.18,0.24,0.29,0.39,0.47,0.54,0.59,0.67,0.73,0.82,0.77,0.89
535,"hurt","word","descriptive_words",0.03,0.05,0.1,0.19,0.23,0.24,0.36,0.47,0.56,0.59,0.67,0.66,0.83,0.75,0.85
536,"last","word","descriptive_words",0,0,0.01,0.03,0.02,0.03,0.06,0.09,0.08,0.17,0.19,0.21,0.33,0.32,0.41
537,"little (description)","word","descriptive_words",0.02,0.03,0.07,0.11,0.14,0.16,0.38,0.36,0.45,0.55,0.62,0.65,0.79,0.72,0.87
538,"long","word","descriptive_words",0,0,0.01,0.03,0.03,0.03,0.08,0.13,0.16,0.21,0.28,0.3,0.45,0.42,0.56
539,"loud","word","descriptive_words",0.01,0.01,0.05,0.08,0.1,0.16,0.25,0.33,0.37,0.47,0.52,0.51,0.69,0.65,0.82
540,"mad","word","descriptive_words",0.01,0.02,0.01,0.05,0.06,0.08,0.15,0.22,0.25,0.32,0.39,0.43,0.58,0.54,0.66
541,"naughty","word","descriptive_words",0.01,0.02,0.05,0.06,0.05,0.05,0.04,0.15,0.16,0.2,0.2,0.27,0.3,0.28,0.34
542,"new","word","descriptive_words",0.01,0.01,0.03,0.05,0.08,0.09,0.15,0.24,0.26,0.35,0.39,0.41,0.58,0.48,0.68
543,"nice","word","descriptive_words",0.06,0.05,0.12,0.22,0.27,0.25,0.38,0.42,0.44,0.5,0.59,0.56,0.76,0.66,0.77
544,"noisy","word","descriptive_words",0.01,0.02,0.03,0.08,0.09,0.11,0.18,0.24,0.24,0.34,0.43,0.36,0.58,0.49,0.61
545,"old","word","descriptive_words",0.01,0.02,0.02,0.03,0.03,0.07,0.12,0.17,0.17,0.26,0.33,0.29,0.5,0.43,0.56
546,"orange (description)","word","descriptive_words",0.04,0.07,0.12,0.22,0.25,0.32,0.4,0.5,0.53,0.59,0.67,0.69,0.82,0.76,0.86
547,"poor","word","descriptive_words",0,0,0.01,0.01,0.02,0.04,0.03,0.07,0.08,0.12,0.13,0.14,0.27,0.23,0.27
548,"pretty","word","descriptive_words",0.1,0.11,0.19,0.26,0.26,0.35,0.46,0.46,0.5,0.53,0.57,0.61,0.79,0.72,0.82
549,"quiet","word","descriptive_words",0.01,0.01,0.04,0.06,0.11,0.17,0.22,0.34,0.37,0.42,0.51,0.49,0.71,0.61,0.74
550,"red","word","descriptive_words",0.06,0.09,0.14,0.21,0.26,0.31,0.46,0.51,0.56,0.64,0.67,0.67,0.83,0.78,0.88
551,"sad","word","descriptive_words",0.01,0.03,0.05,0.09,0.13,0.17,0.26,0.35,0.39,0.45,0.45,0.5,0.72,0.67,0.79
552,"scared","word","descriptive_words",0.01,0.02,0.02,0.05,0.08,0.12,0.22,0.29,0.36,0.41,0.53,0.58,0.73,0.62,0.8
553,"sick","word","descriptive_words",0.01,0.01,0.03,0.07,0.12,0.17,0.22,0.3,0.34,0.41,0.51,0.57,0.73,0.66,0.77
554,"sleepy","word","descriptive_words",0.04,0.05,0.1,0.17,0.18,0.24,0.34,0.41,0.46,0.54,0.59,0.57,0.75,0.64,0.76
555,"slow","word","descriptive_words",0.01,0.01,0.02,0.06,0.04,0.11,0.1,0.17,0.2,0.29,0.34,0.35,0.54,0.49,0.63
556,"soft","word","descriptive_words",0.03,0.04,0.13,0.14,0.15,0.19,0.26,0.36,0.42,0.47,0.5,0.55,0.72,0.62,0.77
557,"sticky","word","descriptive_words",0.02,0.05,0.09,0.11,0.17,0.18,0.27,0.32,0.4,0.48,0.49,0.53,0.7,0.63,0.79
558,"stuck","word","descriptive_words",0.04,0.08,0.13,0.16,0.22,0.23,0.34,0.37,0.45,0.43,0.59,0.57,0.76,0.62,0.73
559,"thirsty","word","descriptive_words",0.03,0.02,0.07,0.13,0.16,0.19,0.31,0.4,0.44,0.47,0.54,0.62,0.73,0.69,0.76
560,"tiny","word","descriptive_words",0,0,0.02,0.03,0.04,0.09,0.1,0.15,0.15,0.18,0.26,0.28,0.42,0.38,0.46
561,"tired","word","descriptive_words",0.02,0.03,0.06,0.1,0.14,0.18,0.3,0.39,0.4,0.49,0.56,0.56,0.77,0.68,0.82
562,"wet","word","descriptive_words",0.07,0.1,0.22,0.3,0.35,0.42,0.57,0.61,0.67,0.75,0.81,0.79,0.92,0.82,0.94
563,"white","word","descriptive_words",0.01,0.03,0.05,0.07,0.11,0.16,0.29,0.32,0.34,0.4,0.44,0.5,0.69,0.59,0.75
564,"windy","word","descriptive_words",0.02,0.02,0.06,0.11,0.12,0.11,0.23,0.27,0.33,0.44,0.44,0.51,0.61,0.57,0.71
565,"yellow","word","descriptive_words",0.06,0.1,0.15,0.23,0.3,0.3,0.42,0.46,0.57,0.62,0.59,0.68,0.81,0.72,0.86
566,"yucky","word","descriptive_words",0.19,0.22,0.38,0.37,0.41,0.43,0.55,0.63,0.67,0.69,0.71,0.68,0.86,0.78,0.87
567,"after","word","time_words",0,0,0.02,0.02,0.04,0.06,0.11,0.14,0.19,0.25,0.33,0.31,0.47,0.45,0.54
568,"before","word","time_words",0,0,0.01,0,0.01,0.03,0.05,0.08,0.08,0.13,0.22,0.17,0.28,0.3,0.4
569,"day","word","time_words",0.01,0.01,0.04,0.07,0.08,0.11,0.2,0.23,0.25,0.34,0.39,0.45,0.52,0.52,0.59
570,"later","word","time_words",0.01,0,0.03,0.09,0.09,0.13,0.2,0.28,0.28,0.35,0.41,0.45,0.63,0.53,0.65
571,"morning","word","time_words",0.01,0.03,0.09,0.1,0.14,0.17,0.24,0.31,0.34,0.41,0.49,0.49,0.66,0.64,0.76
572,"night","word","time_words",0.07,0.08,0.17,0.23,0.24,0.31,0.45,0.47,0.51,0.59,0.6,0.61,0.78,0.73,0.84
573,"now","word","time_words",0.03,0.05,0.07,0.13,0.18,0.23,0.29,0.38,0.42,0.53,0.62,0.64,0.77,0.67,0.77
574,"time","word","time_words",0,0,0.02,0.02,0.05,0.07,0.08,0.11,0.1,0.18,0.2,0.27,0.38,0.35,0.47
575,"today","word","time_words",0.01,0,0.02,0.03,0.04,0.04,0.14,0.18,0.22,0.25,0.34,0.41,0.47,0.45,0.63
576,"tomorrow","word","time_words",0.01,0.01,0.03,0.05,0.07,0.05,0.13,0.16,0.21,0.29,0.34,0.41,0.49,0.45,0.59
577,"tonight","word","time_words",0,0,0.01,0.03,0.03,0.02,0.08,0.12,0.13,0.18,0.23,0.26,0.36,0.38,0.47
578,"yesterday","word","time_words",0,0,0.01,0.01,0.01,0.01,0.04,0.08,0.08,0.12,0.14,0.17,0.29,0.27,0.34
579,"he","word","pronouns",0,0,0.02,0.04,0.06,0.09,0.19,0.21,0.24,0.26,0.39,0.47,0.59,0.57,0.68
580,"her","word","pronouns",0,0,0,0.04,0.03,0.05,0.1,0.16,0.17,0.22,0.32,0.35,0.44,0.45,0.56
581,"hers","word","pronouns",0,0.01,0,0.01,0.03,0.02,0.07,0.08,0.1,0.16,0.23,0.21,0.34,0.34,0.41
582,"him","word","pronouns",0.01,0,0.01,0.02,0.03,0.06,0.1,0.15,0.13,0.21,0.3,0.33,0.43,0.44,0.52
583,"his","word","pronouns",0,0,0,0.02,0.03,0.05,0.08,0.12,0.13,0.21,0.25,0.3,0.4,0.38,0.5
584,"I","word","pronouns",0.1,0.11,0.18,0.24,0.24,0.33,0.4,0.47,0.56,0.6,0.62,0.66,0.81,0.8,0.88
585,"it","word","pronouns",0.06,0.05,0.1,0.15,0.16,0.16,0.32,0.31,0.4,0.43,0.49,0.58,0.71,0.7,0.78
586,"me","word","pronouns",0.18,0.21,0.29,0.36,0.41,0.42,0.56,0.59,0.68,0.7,0.73,0.78,0.88,0.82,0.92
587,"mine","word","pronouns",0.21,0.31,0.41,0.52,0.58,0.64,0.71,0.75,0.83,0.82,0.85,0.85,0.93,0.87,0.93
588,"my","word","pronouns",0.08,0.07,0.12,0.22,0.19,0.29,0.4,0.44,0.53,0.55,0.6,0.58,0.8,0.77,0.81
589,"myself","word","pronouns",0,0,0.01,0.01,0.03,0.02,0.13,0.13,0.14,0.19,0.26,0.26,0.41,0.35,0.47
590,"our","word","pronouns",0,0,0,0.02,0.03,0.02,0.04,0.11,0.08,0.16,0.19,0.23,0.33,0.34,0.37
591,"she","word","pronouns",0.01,0.01,0.01,0.04,0.04,0.05,0.14,0.18,0.2,0.24,0.37,0.38,0.49,0.48,0.59
592,"that","word","pronouns",0.21,0.19,0.2,0.3,0.29,0.32,0.46,0.48,0.51,0.57,0.64,0.68,0.79,0.75,0.83
593,"their","word","pronouns",0,0,0,0.01,0.02,0.02,0.04,0.06,0.06,0.1,0.18,0.18,0.26,0.29,0.29
594,"them","word","pronouns",0,0,0.01,0.03,0.02,0.03,0.08,0.1,0.1,0.17,0.27,0.25,0.33,0.35,0.42
595,"these","word","pronouns",0.02,0.01,0.04,0.07,0.09,0.07,0.18,0.2,0.2,0.29,0.44,0.4,0.51,0.46,0.54
596,"they","word","pronouns",0,0,0.01,0.01,0.02,0.03,0.06,0.08,0.08,0.14,0.23,0.25,0.36,0.37,0.44
597,"this","word","pronouns",0.14,0.18,0.19,0.23,0.24,0.3,0.44,0.45,0.46,0.52,0.6,0.61,0.78,0.64,0.79
598,"those","word","pronouns",0.01,0.01,0.03,0.03,0.04,0.03,0.08,0.14,0.15,0.16,0.29,0.27,0.44,0.41,0.49
599,"us","word","pronouns",0,0,0,0.01,0.01,0.02,0.07,0.06,0.08,0.12,0.16,0.17,0.26,0.31,0.34
600,"we","word","pronouns",0.01,0.01,0.01,0.02,0.03,0.04,0.09,0.13,0.15,0.2,0.29,0.33,0.43,0.43,0.54
601,"you","word","pronouns",0.08,0.08,0.15,0.22,0.24,0.27,0.4,0.47,0.54,0.63,0.66,0.71,0.84,0.76,0.89
602,"your","word","pronouns",0.01,0,0.01,0.03,0.05,0.03,0.1,0.15,0.2,0.23,0.32,0.33,0.52,0.49,0.6
603,"yourself","word","pronouns",0,0,0,0,0.01,0.01,0.02,0.04,0.04,0.07,0.12,0.15,0.21,0.21,0.23
604,"how","word","question_words",0.01,0,0.02,0.03,0.04,0.04,0.09,0.14,0.16,0.2,0.31,0.3,0.44,0.41,0.51
605,"what","word","question_words",0.15,0.13,0.19,0.22,0.24,0.32,0.46,0.5,0.53,0.57,0.66,0.72,0.81,0.79,0.88
606,"when","word","question_words",0,0,0.01,0.02,0.01,0,0.04,0.06,0.09,0.13,0.25,0.24,0.31,0.35,0.41
607,"where","word","question_words",0.05,0.07,0.09,0.12,0.16,0.15,0.32,0.42,0.47,0.5,0.57,0.61,0.78,0.68,0.82
608,"which","word","question_words",0,0,0.01,0,0.01,0.01,0.02,0.06,0.07,0.11,0.13,0.09,0.2,0.26,0.31
609,"who","word","question_words",0.03,0.04,0.03,0.06,0.07,0.06,0.17,0.22,0.26,0.28,0.43,0.52,0.57,0.54,0.68
610,"why","word","question_words",0.02,0.03,0.07,0.1,0.11,0.13,0.23,0.29,0.27,0.32,0.47,0.49,0.56,0.56,0.69
611,"about","word","locations",0,0,0,0.01,0.02,0.02,0.04,0.06,0.06,0.1,0.13,0.1,0.23,0.26,0.31
612,"above","word","locations",0,0.01,0.01,0.01,0.03,0.03,0.05,0.07,0.08,0.14,0.17,0.19,0.24,0.26,0.3
613,"around","word","locations",0.01,0.01,0.02,0.03,0.05,0.04,0.08,0.18,0.17,0.27,0.31,0.29,0.45,0.41,0.51
614,"at","word","locations",0.01,0.02,0.03,0.04,0.07,0.1,0.19,0.21,0.23,0.27,0.41,0.42,0.55,0.51,0.61
615,"away","word","locations",0.02,0.01,0.06,0.08,0.1,0.12,0.24,0.29,0.34,0.42,0.48,0.49,0.67,0.58,0.68
616,"back","word","locations",0.05,0.04,0.1,0.14,0.16,0.16,0.31,0.4,0.38,0.46,0.52,0.54,0.69,0.65,0.78
617,"behind","word","locations",0.01,0.01,0.02,0.03,0.05,0.06,0.09,0.18,0.2,0.27,0.35,0.36,0.49,0.46,0.6
618,"beside","word","locations",0,0,0.01,0,0.03,0.03,0.06,0.07,0.09,0.12,0.14,0.17,0.22,0.23,0.28
619,"by","word","locations",0.01,0.03,0.02,0.04,0.06,0.11,0.11,0.2,0.21,0.28,0.34,0.37,0.5,0.44,0.59
620,"down","word","locations",0.29,0.36,0.47,0.54,0.52,0.57,0.7,0.74,0.74,0.8,0.85,0.79,0.93,0.87,0.93
621,"for","word","locations",0,0,0.02,0.03,0.03,0.05,0.12,0.16,0.18,0.26,0.34,0.39,0.54,0.49,0.63
622,"here","word","locations",0.04,0.07,0.09,0.16,0.19,0.25,0.36,0.39,0.49,0.53,0.6,0.69,0.81,0.68,0.83
623,"inside/in","word","locations",0.07,0.09,0.18,0.25,0.27,0.33,0.46,0.48,0.58,0.61,0.69,0.68,0.85,0.74,0.86
624,"into","word","locations",0,0,0,0.01,0.02,0.03,0.07,0.08,0.08,0.16,0.19,0.21,0.31,0.31,0.35
625,"next to","word","locations",0,0,0.01,0.02,0.03,0.04,0.04,0.1,0.11,0.16,0.27,0.25,0.38,0.31,0.45
626,"of","word","locations",0.01,0,0.01,0.03,0.01,0.02,0.04,0.09,0.09,0.14,0.17,0.21,0.29,0.3,0.37
627,"off","word","locations",0.15,0.15,0.34,0.39,0.45,0.46,0.67,0.69,0.7,0.74,0.8,0.82,0.91,0.85,0.93
628,"on","word","locations",0.14,0.17,0.3,0.34,0.42,0.47,0.62,0.67,0.71,0.72,0.78,0.83,0.92,0.83,0.92
629,"on top of","word","locations",0.01,0.01,0.02,0.04,0.05,0.06,0.12,0.18,0.2,0.28,0.32,0.37,0.49,0.52,0.61
630,"out","word","locations",0.18,0.2,0.34,0.35,0.41,0.43,0.6,0.62,0.65,0.68,0.79,0.75,0.86,0.8,0.88
631,"over","word","locations",0.01,0.01,0.04,0.06,0.08,0.1,0.22,0.27,0.28,0.36,0.45,0.49,0.67,0.59,0.71
632,"there","word","locations",0.07,0.04,0.11,0.12,0.17,0.19,0.31,0.39,0.42,0.48,0.6,0.63,0.78,0.68,0.79
633,"to","word","locations",0.01,0.02,0.03,0.05,0.08,0.09,0.18,0.25,0.28,0.37,0.48,0.45,0.62,0.55,0.68
634,"under","word","locations",0.01,0.01,0.04,0.09,0.1,0.13,0.2,0.29,0.34,0.44,0.46,0.5,0.7,0.61,0.77
635,"up","word","locations",0.37,0.38,0.51,0.53,0.58,0.6,0.74,0.72,0.76,0.77,0.81,0.81,0.91,0.87,0.91
636,"with","word","locations",0,0,0.02,0.04,0.03,0.05,0.18,0.18,0.27,0.29,0.44,0.44,0.61,0.53,0.69
637,"a","word","quantifiers",0.04,0.04,0.08,0.1,0.12,0.18,0.28,0.3,0.35,0.37,0.48,0.55,0.6,0.6,0.71
638,"all","word","quantifiers",0.06,0.04,0.09,0.12,0.12,0.12,0.26,0.29,0.39,0.4,0.5,0.57,0.69,0.64,0.74
639,"a lot","word","quantifiers",0,0.01,0.02,0.04,0.04,0.05,0.12,0.19,0.18,0.28,0.32,0.4,0.49,0.48,0.59
640,"an","word","quantifiers",0,0,0,0.01,0.01,0.01,0.04,0.04,0.05,0.09,0.14,0.15,0.17,0.19,0.25
641,"another","word","quantifiers",0.01,0.01,0.05,0.07,0.07,0.07,0.2,0.19,0.26,0.33,0.43,0.37,0.57,0.52,0.63
642,"any","word","quantifiers",0,0,0.01,0.03,0.03,0.03,0.09,0.09,0.15,0.2,0.33,0.34,0.44,0.44,0.53
643,"each","word","quantifiers",0,0,0,0.01,0.01,0.02,0.03,0.04,0.04,0.09,0.1,0.13,0.15,0.19,0.22
644,"every","word","quantifiers",0,0,0.01,0,0.01,0.02,0.04,0.1,0.09,0.14,0.17,0.19,0.26,0.3,0.35
645,"more","word","quantifiers",0.3,0.29,0.43,0.51,0.52,0.59,0.7,0.72,0.74,0.77,0.85,0.84,0.92,0.85,0.92
646,"much","word","quantifiers",0,0.01,0.02,0.03,0.03,0.02,0.1,0.13,0.14,0.17,0.24,0.25,0.36,0.31,0.44
647,"none","word","quantifiers",0.01,0.02,0.02,0.05,0.06,0.08,0.12,0.13,0.17,0.2,0.24,0.28,0.36,0.37,0.42
648,"not","word","quantifiers",0.02,0.01,0.03,0.05,0.1,0.08,0.17,0.22,0.28,0.32,0.4,0.47,0.64,0.56,0.67
649,"other","word","quantifiers",0.01,0,0.03,0.03,0.05,0.08,0.18,0.18,0.23,0.27,0.4,0.38,0.53,0.43,0.56
650,"same","word","quantifiers",0,0,0.02,0.02,0.03,0.02,0.09,0.15,0.13,0.2,0.25,0.27,0.35,0.41,0.44
651,"some","word","quantifiers",0.03,0.03,0.09,0.12,0.14,0.18,0.29,0.29,0.38,0.41,0.57,0.58,0.72,0.66,0.78
652,"the","word","quantifiers",0.02,0.03,0.04,0.08,0.08,0.09,0.21,0.24,0.29,0.31,0.5,0.46,0.63,0.53,0.7
653,"too","word","quantifiers",0.01,0.04,0.07,0.12,0.17,0.18,0.29,0.34,0.42,0.45,0.58,0.66,0.74,0.62,0.78
654,"am","word","helping_verbs",0,0,0.02,0.04,0.05,0.07,0.11,0.16,0.2,0.23,0.35,0.4,0.48,0.47,0.58
655,"are","word","helping_verbs",0,0,0.01,0.02,0.04,0.04,0.08,0.11,0.17,0.2,0.29,0.3,0.45,0.4,0.57
656,"be","word","helping_verbs",0.01,0.02,0.01,0.03,0.04,0.06,0.09,0.13,0.15,0.2,0.3,0.3,0.38,0.37,0.46
657,"can (auxiliary)","word","helping_verbs",0.01,0,0.04,0.07,0.08,0.08,0.2,0.26,0.27,0.37,0.41,0.5,0.63,0.58,0.72
658,"could","word","helping_verbs",0,0,0,0.01,0.02,0.01,0.04,0.05,0.04,0.11,0.14,0.15,0.23,0.26,0.32
659,"did/did ya","word","helping_verbs",0.02,0.02,0.04,0.06,0.09,0.06,0.2,0.19,0.25,0.29,0.42,0.51,0.57,0.49,0.68
660,"do","word","helping_verbs",0.05,0.07,0.13,0.19,0.26,0.28,0.4,0.48,0.49,0.55,0.62,0.73,0.79,0.72,0.81
661,"does","word","helping_verbs",0,0,0.01,0.02,0.03,0.04,0.06,0.09,0.1,0.18,0.19,0.28,0.35,0.36,0.4
662,"don't","word","helping_verbs",0.05,0.06,0.09,0.12,0.18,0.19,0.32,0.36,0.42,0.44,0.56,0.6,0.73,0.7,0.72
663,"gonna/going to","word","helping_verbs",0.01,0.02,0.04,0.08,0.08,0.09,0.17,0.25,0.3,0.31,0.44,0.45,0.62,0.58,0.69
664,"gotta/got to","word","helping_verbs",0,0.01,0.01,0.02,0.03,0.04,0.1,0.15,0.12,0.16,0.28,0.28,0.37,0.4,0.43
665,"hafta/have to","word","helping_verbs",0.01,0,0.01,0.03,0.05,0.02,0.06,0.17,0.18,0.21,0.35,0.34,0.48,0.47,0.56
666,"is","word","helping_verbs",0.02,0.02,0.04,0.04,0.06,0.09,0.16,0.19,0.25,0.3,0.41,0.46,0.56,0.53,0.68
667,"lemme/let me","word","helping_verbs",0.01,0.03,0.04,0.07,0.13,0.12,0.24,0.32,0.36,0.44,0.57,0.57,0.71,0.65,0.79
668,"need/need to","word","helping_verbs",0.01,0.02,0.03,0.07,0.05,0.08,0.16,0.23,0.27,0.29,0.4,0.44,0.58,0.58,0.66
669,"try/try to","word","helping_verbs",0,0.01,0.04,0.05,0.07,0.1,0.19,0.23,0.26,0.27,0.36,0.43,0.54,0.52,0.64
670,"wanna/want to","word","helping_verbs",0.06,0.04,0.1,0.17,0.19,0.22,0.36,0.44,0.48,0.51,0.67,0.66,0.79,0.7,0.8
671,"was","word","helping_verbs",0,0,0.01,0.01,0.01,0.01,0.06,0.08,0.09,0.15,0.21,0.23,0.34,0.32,0.45
672,"were","word","helping_verbs",0,0,0,0.01,0.02,0,0.02,0.05,0.05,0.08,0.14,0.17,0.23,0.21,0.28
673,"will","word","helping_verbs",0.01,0.01,0.01,0.03,0.03,0.02,0.07,0.1,0.11,0.17,0.22,0.27,0.38,0.37,0.5
674,"would","word","helping_verbs",0,0,0,0,0.01,0.02,0.02,0.03,0.04,0.08,0.09,0.13,0.17,0.19,0.26
675,"and","word","connecting_words",0.01,0.01,0.02,0.06,0.07,0.09,0.18,0.28,0.32,0.37,0.44,0.5,0.64,0.62,0.72
676,"because","word","connecting_words",0,0,0.01,0.02,0.03,0.04,0.1,0.13,0.12,0.15,0.27,0.3,0.37,0.42,0.49
677,"but","word","connecting_words",0,0,0,0.01,0.02,0.04,0.04,0.05,0.07,0.11,0.17,0.23,0.25,0.27,0.39
678,"if","word","connecting_words",0,0.01,0,0.01,0.01,0.02,0.02,0.03,0.04,0.1,0.08,0.12,0.19,0.2,0.23
679,"so","word","connecting_words",0,0.01,0.01,0.02,0.03,0.05,0.06,0.1,0.1,0.15,0.2,0.25,0.29,0.3,0.38
680,"then","word","connecting_words",0,0,0,0.01,0.02,0.02,0.03,0.06,0.07,0.11,0.2,0.21,0.28,0.24,0.34
